event_id,multiplicity,particle_id,layer_id,x,y
0,1,0,2,802.9286277198746,186.644
0,1,0,3,737.6200146417073,244.966
0,1,0,4,681.9944905377936,303.288
0,1,0,5,634.1141503400546,361.61
0,1,0,6,592.7083605050445,419.932
0,1,0,7,556.8948557535768,478.254
0,1,0,8,526.0361806244414,536.576
0,1,0,9,499.6589699695401,594.898
0,1,0,10,477.40549574392867,653.22
0,1,0,11,459.0031198558592,711.542
0,1,0,12,444.24433144773633,769.864
1,1,0,9,154.96417529789085,594.898
1,1,0,10,209.47659840491997,653.22
1,1,0,11,262.9472647580989,711.542
1,1,0,12,315.40326074517577,769.864
2,1,0,2,821.771507634249,186.644
2,1,0,3,785.0958454770937,244.966
2,1,0,4,749.1633578077865,303.288
2,1,0,5,713.9615693655312,361.61
2,1,0,6,679.4785279162215,419.932
2,1,0,7,645.7027767161767,478.254
2,1,0,8,612.6233288880217,536.576
2,1,0,9,580.2296435501363,594.898
2,1,0,10,548.511603556507,653.22
2,1,0,11,517.4594947175281,711.542
2,1,0,12,487.06398638445194,769.864
3,1,0,0,441.88946748271246,70.0
3,1,0,1,438.25932475961116,128.322
3,1,0,2,434.99293092514756,186.644
3,1,0,3,432.08990638197,244.966
3,1,0,4,429.5499142041577,303.288
3,1,0,5,427.3726599410367,361.61
3,1,0,6,425.55789144604256,419.932
3,1,0,7,424.10539873043643,478.254
3,1,0,8,423.0150138416292,536.576
3,1,0,9,422.28661076599724,594.898
3,1,0,10,421.9201053560092,653.22
3,1,0,11,421.915455281612,711.542
3,1,0,12,422.2726600057839,769.864
4,1,0,0,756.123949182012,70.0
4,1,0,1,729.3613499478722,128.322
4,1,0,2,703.1183829035378,186.644
4,1,0,3,677.3899019406033,244.966
4,1,0,4,652.170927599821,303.288
4,1,0,5,627.456641203717,361.61
4,1,0,6,603.2423792840907,419.932
4,1,0,7,579.5236282872187,478.254
4,1,0,8,556.2960195408043,536.576
4,1,0,9,533.5553244678265,594.898
4,1,0,10,511.2974500334098,653.22
4,1,0,11,489.5184344118156,711.542
4,1,0,12,468.21444286153076,769.864
5,1,0,9,165.6608610828965,594.898
5,1,0,10,218.1917154685459,653.22
5,1,0,11,269.62969666206527,711.542
5,1,0,12,320.00445820698314,769.864
6,1,0,7,172.82219577650216,478.254
6,1,0,8,211.01185908475077,536.576
6,1,0,9,248.1985493978342,594.898
6,1,0,10,284.40518974154315,653.22
6,1,0,11,319.6534325484463,711.542
6,1,0,12,353.9637485366163,769.864
7,1,0,0,216.07378036687754,70.0
7,1,0,1,225.57199765598807,128.322
7,1,0,2,235.83929027412188,186.644
7,1,0,3,246.88088911217102,244.966
7,1,0,4,258.70247263172206,303.288
7,1,0,5,271.3101821511384,361.61
7,1,0,6,284.7106386492566,419.932
7,1,0,7,298.9109611991899,478.254
7,1,0,8,313.91878715845985,536.576
7,1,0,9,329.7422942570396,594.898
7,1,0,10,346.3902247421354,653.22
7,1,0,11,363.87191175794777,711.542
7,1,0,12,382.19730816054994,769.864
8,1,0,9,160.82309532133675,594.898
8,1,0,10,214.53191304866087,653.22
8,1,0,11,267.02671044783955,711.542
8,1,0,12,318.34405352780857,769.864
9,1,0,0,463.6548261448584,70.0
9,1,0,1,464.35987568178285,128.322
9,1,0,2,464.5345960568247,186.644
9,1,0,3,464.1790306080551,244.966
9,1,0,4,463.2930911351739,303.288
9,1,0,5,461.8765577900746,361.61
9,1,0,6,459.9290788039065,419.932
9,1,0,7,457.45017004981435,478.254
9,1,0,8,454.4392144401159,536.576
9,1,0,9,450.89546115614655,594.898
9,1,0,10,446.818024708516,653.22
9,1,0,11,442.20588382504405,711.542
9,1,0,12,437.0578801630793,769.864
10,1,0,0,192.48756489216387,70.0
10,1,0,1,211.45826997320907,128.322
10,1,0,2,230.0277185923157,186.644
10,1,0,3,248.19829081913855,244.966
10,1,0,4,265.97229741151693,303.288
10,1,0,5,283.3519814584495,361.61
10,1,0,6,300.3395199561843,419.932
10,1,0,7,316.93702532025736,478.254
10,1,0,8,333.1465468361165,536.576
10,1,0,9,348.9700720509043,594.898
10,1,0,10,364.4095281087226,653.22
10,1,0,11,379.46678303169637,711.542
10,1,0,12,394.1436469489316,769.864
11,1,0,0,612.7647761652402,70.0
11,1,0,1,595.8024819042018,128.322
11,1,0,2,579.407843613022,186.644
11,1,0,3,563.5765755433558,244.966
11,1,0,4,548.3045800696079,303.288
11,1,0,5,533.5879418984503,361.61
11,1,0,6,519.4229226184775,419.932
11,1,0,7,505.8059555710129,478.254
11,1,0,8,492.7336410245203,536.576
11,1,0,9,480.20274163639283,594.898
11,1,0,10,468.21017818714483,653.22
11,1,0,11,456.7530255731343,711.542
11,1,0,12,445.8285090450132,769.864
12,1,0,0,772.8231157669086,70.0
12,1,0,1,731.5699499556324,128.322
12,1,0,2,693.4384723722965,186.644
12,1,0,3,658.2146353930002,244.966
12,1,0,4,625.7177913869205,303.288
12,1,0,5,595.794336366856,361.61
12,1,0,6,568.3128840090137,419.932
12,1,0,7,543.1605462687363,478.254
12,1,0,8,520.2400297062361,536.576
12,1,0,9,499.46734369788385,594.898
12,1,0,10,480.76997509745274,653.22
12,1,0,11,464.0854239070903,711.542
12,1,0,12,449.3600224484036,769.864
13,1,0,0,535.4253737045631,70.0
13,1,0,1,531.6547015204156,128.322
13,1,0,2,527.2692613667443,186.644
13,1,0,3,522.2675961223802,244.966
13,1,0,4,516.648038290022,303.288
13,1,0,5,510.40870718837766,361.61
13,1,0,6,503.5475057652073,419.932
13,1,0,7,496.0621170185027,478.254
13,1,0,8,487.95000001133144,536.576
13,1,0,9,479.20838546407407,594.898
13,1,0,10,469.8342709058088,653.22
13,1,0,11,459.8244153645723,711.542
13,1,0,12,449.17533357393904,769.864
14,1,0,2,151.1711605477609,186.644
14,1,0,3,176.3064148056481,244.966
14,1,0,4,200.95451153669202,303.288
14,1,0,5,225.11978921331877,361.61
14,1,0,6,248.80645145160133,419.932
14,1,0,7,272.0185713830958,478.254
14,1,0,8,294.7600958193417,536.576
14,1,0,9,317.03484922027656,594.898
14,1,0,10,338.8465374770716,653.22
14,1,0,11,360.19875151921053,711.542
14,1,0,12,381.0949707550198,769.864
15,2,0,0,748.1748265425008,70.0
15,2,0,1,731.9605944756518,128.322
15,2,0,2,714.7914488755093,186.644
15,2,0,3,696.6545098763777,244.966
15,2,0,4,677.535918700001,303.288
15,2,0,5,657.4207784086948,361.61
15,2,0,6,636.2930882752548,419.932
15,2,0,7,614.1356710258226,478.254
15,2,0,8,590.9300920990268,536.576
15,2,0,9,566.6565699323323,594.898
15,2,0,10,541.2938761305525,653.22
15,2,0,11,514.8192241869226,711.542
15,2,0,12,487.2081452079982,769.864
15,2,1,0,380.7878381724111,70.0
15,2,1,1,387.48847309372434,128.322
15,2,1,2,393.63204782061126,186.644
15,2,1,3,399.220220466493,244.966
15,2,1,4,404.2544935342809,303.288
15,2,1,5,408.7362159614939,361.61
15,2,1,6,412.6665849459247,419.932
15,2,1,7,416.0466475577318,478.254
15,2,1,8,418.8773021430345,536.576
15,2,1,9,421.15929952344044,594.898
15,2,1,10,422.8932439952521,653.22
15,2,1,11,424.07959413148484,711.542
15,2,1,12,424.71866338916277,769.864
16,2,0,2,143.06976695936262,186.644
16,2,0,3,171.87490057879566,244.966
16,2,0,4,199.60066785242293,303.288
16,2,0,5,226.26981954197475,361.61
16,2,0,6,251.90363986273692,419.932
16,2,0,7,276.522051161682,478.254
16,2,0,8,300.14370818513703,536.576
16,2,0,9,322.7860831284863,594.898
16,2,0,10,344.4655424989986,653.22
16,2,0,11,365.19741668586386,711.542
16,2,0,12,384.9960630150387,769.864
16,2,1,0,734.790364934845,70.0
16,2,1,1,716.9448811926652,128.322
16,2,1,2,698.4971146082171,186.644
16,2,1,3,679.4416514613483,244.966
16,2,1,4,659.7728313485852,303.288
16,2,1,5,639.4847376902301,361.61
16,2,1,6,618.5711876148049,419.932
16,2,1,7,597.0257211762602,478.254
16,2,1,8,574.8415898552757,536.576
16,2,1,9,552.0117442914507,594.898
16,2,1,10,528.5288211882041,653.22
16,2,1,11,504.3851293266989,711.542
16,2,1,12,479.57263461890017,769.864
17,2,0,8,154.0742534116395,536.576
17,2,0,9,200.15704499120858,594.898
17,2,0,10,245.4144284548151,653.22
17,2,0,11,289.8630364913706,711.542
17,2,0,12,333.51877233871573,769.864
17,2,1,0,631.2724835187686,70.0
17,2,1,1,619.3696885690122,128.322
17,2,1,2,607.057575104205,186.644
17,2,1,3,594.3343939289045,244.966
17,2,1,4,581.1983269590512,303.288
17,2,1,5,567.647485844039,361.61
17,2,1,6,553.6799105217497,419.932
17,2,1,7,539.2935677038631,478.254
17,2,1,8,524.4863492885283,536.576
17,2,1,9,509.2560706973335,594.898
17,2,1,10,493.60046913329575,653.22
17,2,1,11,477.517201756437,711.542
17,2,1,12,461.0038437732208,769.864
18,2,0,9,169.4211192805501,594.898
18,2,0,10,223.3216894112258,653.22
18,2,0,11,275.0285630977329,711.542
18,2,0,12,324.6581413956219,769.864
18,2,1,6,164.68862474482,419.932
18,2,1,7,194.3963791183852,478.254
18,2,1,8,224.701072709296,536.576
18,2,1,9,255.610300621044,594.898
18,2,1,10,287.13194279349347,653.22
18,2,1,11,319.2741769910616,711.542
18,2,1,12,352.045492615766,769.864
19,2,0,8,167.89580674281586,536.576
19,2,0,9,225.37082566160268,594.898
19,2,0,10,275.42238462241454,653.22
19,2,0,11,319.2329000190164,711.542
19,2,0,12,357.63828903375327,769.864
19,2,1,0,484.65323318933986,70.0
19,2,1,1,464.7290226160763,128.322
19,2,1,2,447.4035206717808,186.644
19,2,1,3,432.58516156225545,244.966
19,2,1,4,420.19901882427536,303.288
19,2,1,5,410.18474231905407,361.61
19,2,1,6,402.4949925612804,419.932
19,2,1,7,397.09427159197384,478.254
19,2,1,8,393.9580799031645,536.576
19,2,1,9,393.07235121094806,594.898
19,2,1,10,394.4331340304909,653.22
19,2,1,11,398.04650302152197,711.542
19,2,1,12,403.9286954220828,769.864
20,2,0,0,345.79783171517977,70.0
20,2,0,1,358.0052940188128,128.322
20,2,0,2,369.1688489401603,186.644
20,2,0,3,379.2987467759657,244.966
20,2,0,4,388.40417287347975,303.288
20,2,0,5,396.4932909541411,361.61
20,2,0,6,403.5732809168468,419.932
20,2,0,7,409.6503715422245,478.254
20,2,0,8,414.72986845446286,536.576
20,2,0,9,418.816177639583,594.898
20,2,0,10,421.91282476721653,653.22
20,2,0,11,424.0224705158852,711.542
20,2,0,12,425.1469220584804,769.864
20,2,1,0,581.7509747117331,70.0
20,2,1,1,568.0992962956831,128.322
20,2,1,2,554.8360308772061,186.644
20,2,1,3,541.9595076262963,244.966
20,2,1,4,529.4681135885185,303.288
20,2,1,5,517.3602926120066,361.61
20,2,1,6,505.6345443212709,419.932
20,2,1,7,494.2894231362091,478.254
20,2,1,8,483.32353733470006,536.576
20,2,1,9,472.73554815733957,594.898
20,2,1,10,462.52416895287774,653.22
20,2,1,11,452.68816436306633,711.542
20,2,1,12,443.2263495456292,769.864
21,2,0,5,177.7860902354592,361.61
21,2,0,6,216.8822007170422,419.932
21,2,0,7,252.52872207675478,478.254
21,2,0,8,284.9783683487219,536.576
21,2,0,9,314.4401153743981,594.898
21,2,0,10,341.0881748885647,653.22
21,2,0,11,365.0686212400145,711.542
21,2,0,12,386.50436962056153,769.864
21,2,1,0,571.1883771863127,70.0
21,2,1,1,555.8128959155831,128.322
21,2,1,2,541.2206437205498,186.644
21,2,1,3,527.404259852972,244.966
21,2,1,4,514.3568597167257,303.288
21,2,1,5,502.0720164864247,361.61
21,2,1,6,490.5437442611315,419.932
21,2,1,7,479.7664826442343,478.254
21,2,1,8,469.73508265201286,536.576
21,2,1,9,460.4447938637073,594.898
21,2,1,10,451.89125273516515,653.22
21,2,1,11,444.07047200653216,711.542
21,2,1,12,436.97883114209867,769.864
22,2,0,4,809.8941269955733,303.288
22,2,0,5,766.7103511538423,361.61
22,2,0,6,724.7365474145129,419.932
22,2,0,7,683.9380297401549,478.254
22,2,0,8,644.2823428250583,536.576
22,2,0,9,605.7390760904225,594.898
22,2,0,10,568.2796976217576,653.22
22,2,0,11,531.8774055018368,711.542
22,2,0,12,496.50699436931745,769.864
22,2,1,0,312.56912097374783,70.0
22,2,1,1,318.17292752399044,128.322
22,2,1,2,324.12325682065534,186.644
22,2,1,3,330.4207336818689,244.966
22,2,1,4,337.06602101551357,303.288
22,2,1,5,344.0598201735463,361.61
22,2,1,6,351.4028713284847,419.932
22,2,1,7,359.095953872534,478.254
22,2,1,8,367.1398868398717,536.576
22,2,1,9,375.53552935264486,594.898
22,2,1,10,384.28378109123946,653.22
22,2,1,11,393.3855827894461,711.542
22,2,1,12,402.84191675518406,769.864
23,2,0,4,807.8035900954535,303.288
23,2,0,5,764.4523655785138,361.61
23,2,0,6,722.4056789546964,419.932
23,2,0,7,681.6232783652863,478.254
23,2,0,8,642.0676895107744,536.576
23,2,0,9,603.7039675366616,594.898
23,2,0,10,566.4994773679869,653.22
23,2,0,11,530.4236986136773,711.542
23,2,0,12,495.4480517736245,769.864
23,2,1,0,575.204969738623,70.0
23,2,1,1,568.6730393434173,128.322
23,2,1,2,561.5222869023034,186.644
23,2,1,3,553.750323740524,244.966
23,2,1,4,545.3545397063544,303.288
23,2,1,5,536.3320986841782,361.61
23,2,1,6,526.6799336723932,419.932
23,2,1,7,516.3947414056947,478.254
23,2,1,8,505.4729764990726,536.576
23,2,1,9,493.9108450884747,594.898
23,2,1,10,481.70429794052745,653.22
23,2,1,11,468.84902300087066,711.542
23,2,1,12,455.3404373476473,769.864
24,2,0,0,590.9923861808155,70.0
24,2,0,1,584.3610100712904,128.322
24,2,0,2,576.9640380859144,186.644
24,2,0,3,568.7976879202452,244.966
24,2,0,4,559.8577548647556,303.288
24,2,0,5,550.1396006951448,361.61
24,2,0,6,539.6381412634571,419.932
24,2,0,7,528.3478327102218,478.254
24,2,0,8,516.2626562073538,536.576
24,2,0,9,503.37610112994116,594.898
24,2,0,10,489.6811465422345,653.22
24,2,0,11,475.1702408687688,711.542
24,2,0,12,459.8352796056076,769.864
24,2,1,0,653.6010800124409,70.0
24,2,1,1,634.6805245038884,128.322
24,2,1,2,616.1803530908296,186.644
24,2,1,3,598.0979620247058,244.966
24,2,1,4,580.4308270956662,303.288
24,2,1,5,563.1765016642853,361.61
24,2,1,6,546.3326147771706,419.932
24,2,1,7,529.896869362788,478.254
24,2,1,8,513.8670405039948,536.576
24,2,1,9,498.2409737840287,594.898
24,2,1,10,483.01658370281785,653.22
24,2,1,11,468.19185216071577,711.542
24,2,1,12,453.7648270068666,769.864
25,2,0,6,138.00481592860055,419.932
25,2,0,7,170.63582619940183,478.254
25,2,0,8,203.95663352278655,536.576
25,2,0,9,237.9779444212628,594.898
25,2,0,10,272.7109203666674,653.22
25,2,0,11,308.1672023046272,711.542
25,2,0,12,344.3589369915693,769.864
25,2,1,8,794.4945527158914,536.576
25,2,1,9,691.7333978567501,594.898
25,2,1,10,614.9636596764668,653.22
25,2,1,11,553.8661949165748,711.542
25,2,1,12,503.9025374157515,769.864
26,2,0,0,812.3175432284472,70.0
26,2,0,1,781.7385828872402,128.322
26,2,0,2,751.655088944601,186.644
26,2,0,3,722.0619694733591,244.966
26,2,0,4,692.954283401511,303.288
26,2,0,5,664.3272352593351,361.61
26,2,0,6,636.1761701771624,419.932
26,2,0,7,608.4965691196371,478.254
26,2,0,8,581.2840443432602,536.576
26,2,0,9,554.534335064897,594.898
26,2,0,10,528.2433033297332,653.22
26,2,0,11,502.4069300678616,711.542
26,2,0,12,477.02131132948557,769.864
26,2,1,0,840.7897609541515,70.0
26,2,1,1,814.4870193362012,128.322
26,2,1,2,787.7217143676958,186.644
26,2,1,3,760.4896357469638,244.966
26,2,1,4,732.786447138225,303.288
26,2,1,5,704.6076818937679,361.61
26,2,1,6,675.9487385678433,419.932
26,2,1,7,646.8048762101197,478.254
26,2,1,8,617.1712094257017,536.576
26,2,1,9,587.0427031877693,594.898
26,2,1,10,556.4141673879295,653.22
26,2,1,11,525.2802511082099,711.542
26,2,1,12,493.6354365975081,769.864
27,2,0,0,748.4477744827786,70.0
27,2,0,1,728.7823677005681,128.322
27,2,0,2,708.6362488358723,186.644
27,2,0,3,688.0057212814761,244.966
27,2,0,4,666.8869601586559,303.288
27,2,0,5,645.2760082444979,361.61
27,2,0,6,623.1687716899648,419.932
27,2,0,7,600.5610155166825,478.254
27,2,0,8,577.4483588794897,536.576
27,2,0,9,553.8262700809139,594.898
27,2,0,10,529.6900613226651,653.22
27,2,0,11,505.03488317815,711.542
27,2,0,12,479.8557187688069,769.864
27,2,1,0,294.2203865273101,70.0
27,2,1,1,306.28312230962763,128.322
27,2,1,2,317.90276929770425,186.644
27,2,1,3,329.0812543277737,244.966
27,2,1,4,339.8204205497831,303.288
27,2,1,5,350.1220290190728,361.61
27,2,1,6,359.9877602037801,419.932
27,2,1,7,369.4192154110963,478.254
27,2,1,8,378.41791813530256,536.576
27,2,1,9,386.9853153303392,594.898
27,2,1,10,395.1227786094405,653.22
27,2,1,11,402.83160537425874,711.542
27,2,1,12,410.1130198756736,769.864
28,2,0,0,709.0623479231188,70.0
28,2,0,1,697.0431116045759,128.322
28,2,0,2,683.8684839745556,186.644
28,2,0,3,669.5235128389525,244.966
28,2,0,4,653.991622772985,303.288
28,2,0,5,637.2545118976811,361.61
28,2,0,6,619.2920343190791,419.932
28,2,0,7,600.082066332204,478.254
28,2,0,8,579.6003541376116,536.576
28,2,0,9,557.8203403912139,594.898
28,2,0,10,534.7129663899603,653.22
28,2,0,11,510.2464460635191,711.542
28,2,0,12,484.38600716527196,769.864
28,2,1,0,437.00245959972307,70.0
28,2,1,1,433.7096492595518,128.322
28,2,1,2,430.7817036591947,186.644
28,2,1,3,428.2182801961618,244.966
28,2,1,4,426.0190792732238,303.288
28,2,1,5,424.1838441228641,361.61
28,2,1,6,422.71236065707615,419.932
28,2,1,7,421.6044573423135,478.254
28,2,1,8,420.8600050994075,536.576
28,2,1,9,420.47891722832514,594.898
28,2,1,10,420.46114935767105,653.22
28,2,1,11,420.8066994188482,711.542
28,2,1,12,421.5156076448458,769.864
29,2,0,9,170.47856774198638,594.898
29,2,0,10,222.01276698894912,653.22
29,2,0,11,272.4842478990944,711.542
29,2,0,12,321.92100158883613,769.864
29,2,1,0,528.5157260961248,70.0
29,2,1,1,518.0186466093044,128.322
29,2,1,2,508.0037386547407,186.644
29,2,1,3,498.4690156479405,244.966
29,2,1,4,489.4125963839745,303.288
29,2,1,5,480.83270311673704,361.61
29,2,1,6,472.7276597588764,419.932
29,2,1,7,465.0958901979959,478.254
29,2,1,8,457.93591672507665,536.576
29,2,1,9,451.2463585713853,594.898
29,2,1,10,445.0259305504042,653.22
29,2,1,11,439.27344180160566,711.542
29,2,1,12,433.98779463316527,769.864
30,3,0,9,153.67281935749244,594.898
30,3,0,10,208.59328647865496,653.22
30,3,0,11,262.3919723818555,711.542
30,3,0,12,315.10023803210333,769.864
30,3,1,0,659.30728293171,70.0
30,3,1,1,620.1984154255629,128.322
30,3,1,2,585.4814442446766,186.644
30,3,1,3,554.7589819643538,244.966
30,3,1,4,527.7185360193216,303.288
30,3,1,5,504.1115687367523,361.61
30,3,1,6,483.7391236496896,419.932
30,3,1,7,466.44171332125717,478.254
30,3,1,8,452.09207543822595,536.576
30,3,1,9,440.5899256414707,594.898
30,3,1,10,431.8581471767392,653.22
30,3,1,11,425.8400510747311,711.542
30,3,1,12,422.4974657350593,769.864
30,3,2,5,805.8211153717521,361.61
30,3,2,6,740.2009985071124,419.932
30,3,2,7,682.6869044450714,478.254
30,3,2,8,631.8758343550526,536.576
30,3,2,9,586.7873850599535,594.898
30,3,2,10,546.7064125742515,653.22
30,3,2,11,511.0944023533561,711.542
30,3,2,12,479.5360830076478,769.864
31,3,0,0,145.01298946982374,70.0
31,3,0,1,167.51637378340294,128.322
31,3,0,2,189.58907372661764,186.644
31,3,0,3,211.23422497950958,244.966
31,3,0,4,232.45487299052854,303.288
31,3,0,5,253.2539754654254,361.61
31,3,0,6,273.6344047503343,419.932
31,3,0,7,293.59895011403313,478.254
31,3,0,8,313.15031993410764,536.576
31,3,0,9,332.2911437914157,594.898
31,3,0,10,351.02397447708535,653.22
31,3,0,11,369.35128991595064,711.542
31,3,0,12,387.2754950101654,769.864
31,3,1,0,313.46499617697623,70.0
31,3,1,1,328.91992021008656,128.322
31,3,1,2,343.16314716305914,186.644
31,3,1,3,356.2118397357068,244.966
31,3,1,4,368.08143778484555,303.288
31,3,1,5,378.78575564188975,361.61
31,3,1,6,388.33706690273925,419.932
31,3,1,7,396.74617796550194,478.254
31,3,1,8,404.0224913877596,536.576
31,3,1,9,410.17405996041856,594.898
31,3,1,10,415.20763224416226,653.22
31,3,1,11,419.1286901825123,711.542
31,3,1,12,421.9414792887,769.864
31,3,2,6,156.72239101707038,419.932
31,3,2,7,196.5233292448823,478.254
31,3,2,8,234.2044870711598,536.576
31,3,2,9,269.86627488893384,594.898
31,3,2,10,303.59795868571166,653.22
31,3,2,11,335.47919131287637,711.542
31,3,2,12,365.58127377381027,769.864
32,3,0,5,148.25444502499013,361.61
32,3,0,6,172.7643157969844,419.932
32,3,0,7,198.58208282451173,478.254
32,3,0,8,225.7411542178766,536.576
32,3,0,9,254.27791381828627,594.898
32,3,0,10,284.23202360349495,653.22
32,3,0,11,315.6467712628561,711.542
32,3,0,12,348.5694712164566,769.864
32,3,1,0,492.8834334551967,70.0
32,3,1,1,485.27251383962914,128.322
32,3,1,2,478.084945809968,186.644
32,3,1,3,471.31961312265116,244.966
32,3,1,4,464.9754686906792,303.288
32,3,1,5,459.0515337588021,361.61
32,3,1,6,453.5468971366019,419.932
32,3,1,7,448.46071448803355,478.254
32,3,1,8,443.79220767613407,536.576
32,3,1,9,439.5406641616719,594.898
32,3,1,10,435.70543645466637,653.22
32,3,1,11,432.2859416177701,711.542
32,3,1,12,429.28166082062114,769.864
32,3,2,0,526.4664667544974,70.0
32,3,2,1,512.2970331817746,128.322
32,3,2,2,499.2236971653903,186.644
32,3,2,3,487.2334232487687,244.966
32,3,2,4,476.3144370682417,303.288
32,3,2,5,466.4561643312233,361.61
32,3,2,6,457.6491772304657,419.932
32,3,2,7,449.88514763327527,478.254
32,3,2,8,443.1568064835614,536.576
32,3,2,9,437.4579089410559,594.898
32,3,2,10,432.7832048582161,653.22
32,3,2,11,429.12841426297985,711.542
32,3,2,12,426.49020757647236,769.864
33,3,0,0,206.7630221995558,70.0
33,3,0,1,226.00238801958943,128.322
33,3,0,2,244.63526590555,186.644
33,3,0,3,262.6670918985062,244.966
33,3,0,4,280.10306499813044,303.288
33,3,0,5,296.94815553346007,361.61
33,3,0,6,313.20711302564746,419.932
33,3,0,7,328.8844735743385,478.254
33,3,0,8,343.9845667967141,536.576
33,3,0,9,358.5115223459528,594.898
33,3,0,10,372.4692760337571,653.22
33,3,0,11,385.8615755796269,711.542
33,3,0,12,398.6919860077946,769.864
33,3,1,4,833.1050250044689,303.288
33,3,1,5,785.6247984474312,361.61
33,3,1,6,739.8778311979459,419.932
33,3,1,7,695.7921775524505,478.254
33,3,1,8,653.3022257250971,536.576
33,3,1,9,612.3479701469498,594.898
33,3,1,10,572.8743896897925,653.22
33,3,1,11,534.8309135721604,711.542
33,3,1,12,498.17096031403617,769.864
33,3,2,0,375.6237665637706,70.0
33,3,2,1,381.68703426444984,128.322
33,3,2,2,387.3482921885279,186.644
33,3,2,3,392.60833817839153,244.966
33,3,2,4,397.4679116424383,303.288
33,3,2,5,401.9276940804674,361.61
33,3,2,6,405.9883095660038,419.932
33,3,2,7,409.6503251864234,478.254
33,3,2,8,412.9142514415407,536.576
33,3,2,9,415.7805426013668,594.898
33,3,2,10,418.24959702360115,653.22
33,3,2,11,420.321757431394,711.542
33,3,2,12,421.99731115181316,769.864
34,3,0,5,151.5402831770058,361.61
34,3,0,6,177.09756427625106,419.932
34,3,0,7,203.65611720751753,478.254
34,3,0,8,231.2357800374367,536.576
34,3,0,9,259.85771231464173,594.898
34,3,0,10,289.544496170352,653.22
34,3,0,11,320.32024863448305,711.542
34,3,0,12,352.21074668223946,769.864
34,3,1,2,812.9192084952986,186.644
34,3,1,3,777.449978232615,244.966
34,3,1,4,742.6290046023339,303.288
34,3,1,5,708.4469103849647,361.61
34,3,1,6,674.8946655200232,419.932
34,3,1,7,641.9635711029505,478.254
34,3,1,8,609.6452443612482,536.576
34,3,1,9,577.9316045382855,594.898
34,3,1,10,546.8148596193181,653.22
34,3,1,11,516.2874938398804,711.542
34,3,1,12,486.3422559216309,769.864
34,3,2,0,222.78120090282607,70.0
34,3,2,1,239.96168821875779,128.322
34,3,2,2,256.68577780802485,186.644
34,3,2,3,272.9562912096122,244.966
34,3,2,4,288.77595116154447,303.288
34,3,2,5,304.14738409901315,361.61
34,3,2,6,319.07312253444627,419.932
34,3,2,7,333.5556073249627,478.254
34,3,2,8,347.59718983228004,536.576
34,3,2,9,361.200133979867,594.898
34,3,2,10,374.3666182117712,653.22
34,3,2,11,387.0987373574076,711.542
34,3,2,12,399.39850440616743,769.864
35,3,0,10,151.44355848992026,653.22
35,3,0,11,231.55578540863786,711.542
35,3,0,12,301.213796128706,769.864
35,3,1,0,416.82395462088334,70.0
35,3,1,1,424.33553008646345,128.322
35,3,1,2,430.76952167180235,186.644
35,3,1,3,436.13240143047005,244.966
35,3,1,4,440.42952440612663,303.288
35,3,1,5,443.6651557016076,361.61
35,3,1,6,445.8424918243379,419.932
35,3,1,7,446.96367655961296,478.254
35,3,1,8,447.029811556743,536.576
35,3,1,9,446.0409617505156,594.898
35,3,1,10,443.99615568035813,653.22
35,3,1,11,440.8933807108786,711.542
35,3,1,12,436.7295730987928,769.864
35,3,2,0,804.3507936516269,70.0
35,3,2,1,759.1120977923683,128.322
35,3,2,2,717.4370129666202,186.644
35,3,2,3,679.0408949506998,244.966
35,3,2,4,643.687775577403,303.288
35,3,2,5,611.1800390569546,361.61
35,3,2,6,581.3508243755589,419.932
35,3,2,7,554.0583265019112,478.254
35,3,2,8,529.181451555085,536.576
35,3,2,9,506.61645781559133,594.898
35,3,2,10,486.27432824928655,653.22
35,3,2,11,468.07869535777894,711.542
35,3,2,12,451.96418993759306,769.864
36,3,0,6,777.1110468570216,419.932
36,3,0,7,711.0447133674313,478.254
36,3,0,8,653.5758484066985,536.576
36,3,0,9,603.1419875518161,594.898
36,3,0,10,558.6716345425968,653.22
36,3,0,11,519.394467116539,711.542
36,3,0,12,484.73729354998767,769.864
36,3,1,0,153.548356018983,70.0
36,3,1,1,177.80900442119025,128.322
36,3,1,2,201.24989032171368,186.644
36,3,1,3,223.88280380294793,244.966
36,3,1,4,245.7189149516346,303.288
36,3,1,5,266.76880626155554,361.61
36,3,1,6,287.0425025054816,419.932
36,3,1,7,306.549498296848,478.254
36,3,1,8,325.29878353836426,536.576
36,3,1,9,343.29886693418445,594.898
36,3,1,10,360.55779772410176,653.22
36,3,1,11,377.08318578210026,711.542
36,3,1,12,392.8822202073135,769.864
36,3,2,1,828.4454671235831,128.322
36,3,2,2,801.364437923437,186.644
36,3,2,3,773.7038855532699,244.966
36,3,2,4,745.457042867745,303.288
36,3,2,5,716.616890101717,361.61
36,3,2,6,687.1761439324953,419.932
36,3,2,7,657.127245867933,478.254
36,3,2,8,626.4623499101897,536.576
36,3,2,9,595.1733094404581,594.898
36,3,2,10,563.2516632649672,653.22
36,3,2,11,530.6886207570144,711.542
36,3,2,12,497.47504602361124,769.864
37,3,0,0,188.4519555019321,70.0
37,3,0,1,202.2818153070217,128.322
37,3,0,2,216.53575723146798,186.644
37,3,0,3,231.2159256306107,244.966
37,3,0,4,246.32454412074992,303.288
37,3,0,5,261.86391739738815,361.61
37,3,0,6,277.83643314089494,419.932
37,3,0,7,294.2445640134646,478.254
37,3,0,8,311.0908697515883,536.576
37,3,0,9,328.3779993584948,594.898
37,3,0,10,346.10869340127726,653.22
37,3,0,11,364.28578641776346,711.542
37,3,0,12,382.91220943847736,769.864
37,3,1,0,712.2938834933007,70.0
37,3,1,1,696.7020897139178,128.322
37,3,1,2,680.4132541463823,186.644
37,3,1,3,663.4208405756342,244.966
37,3,1,4,645.717943064655,303.288
37,3,1,5,627.2972704472295,361.61
37,3,1,6,608.151129613286,419.932
37,3,1,7,588.2714074892626,478.254
37,3,1,8,567.649551605529,536.576
37,3,1,9,546.2765491312159,594.898
37,3,1,10,524.1429042437214,653.22
37,3,1,11,501.23861368542646,711.542
37,3,1,12,477.55314034358884,769.864
37,3,2,0,286.25581815470764,70.0
37,3,2,1,289.64818676392497,128.322
37,3,2,2,293.98699698430937,186.644
37,3,2,3,299.2756705175611,244.966
37,3,2,4,305.5184005019196,303.288
37,3,2,5,312.72016833243464,361.61
37,3,2,6,320.8867638562439,419.932
37,3,2,7,330.02480913700083,478.254
37,3,2,8,340.14178602080995,536.576
37,3,2,9,351.24606777840035,594.898
37,3,2,10,363.3469551456858,653.22
37,3,2,11,376.4547171383923,711.542
37,3,2,12,390.58063707720055,769.864
38,3,0,5,161.38085657465223,361.61
38,3,0,6,188.01612304770475,419.932
38,3,0,7,215.16247424246924,478.254
38,3,0,8,242.8251028467257,536.576
38,3,0,9,271.0093729271687,594.898
38,3,0,10,299.7208264061162,653.22
38,3,0,11,328.9651898881392,711.542
38,3,0,12,358.7483818593204,769.864
38,3,1,0,663.3046325056139,70.0
38,3,1,1,648.990950519242,128.322
38,3,1,2,634.2902956675348,186.644
38,3,1,3,619.2008336715483,244.966
38,3,1,4,603.720669661538,303.288
38,3,1,5,587.8478468874484,361.61
38,3,1,6,571.5803453734354,419.932
38,3,1,7,554.9160805140823,478.254
38,3,1,8,537.8529016099135,536.576
38,3,1,9,520.3885903395542,594.898
38,3,1,10,502.5208591658372,653.22
38,3,1,11,484.24734967292943,711.542
38,3,1,12,465.5656308314313,769.864
38,3,2,2,836.8956669858435,186.644
38,3,2,3,798.9540189490017,244.966
38,3,2,4,761.7601943158138,303.288
38,3,2,5,725.3013745271371,361.61
38,3,2,6,689.5652771487396,419.932
38,3,2,7,654.5401274095732,478.254
38,3,2,8,620.2146317234594,536.576
38,3,2,9,586.5779530287946,594.898
38,3,2,10,553.6196877971261,653.22
38,3,2,11,521.3298445756525,711.542
38,3,2,12,489.69882394159293,769.864
39,3,0,4,800.7980365292649,303.288
39,3,0,5,749.142268917738,361.61
39,3,0,6,701.3719509100433,419.932
39,3,0,7,657.1399973120672,478.254
39,3,0,8,616.1610348984226,536.576
39,3,0,9,578.1974862073316,594.898
39,3,0,10,543.0495052507617,653.22
39,3,0,11,510.54753841611216,711.542
39,3,0,12,480.5467213910639,769.864
39,3,1,0,494.9067769909103,70.0
39,3,1,1,492.9776281400502,128.322
39,3,1,2,490.58418782546954,186.644
39,3,1,3,487.72600130152904,244.966
39,3,1,4,484.4025247439458,303.288
39,3,1,5,480.6131247306613,361.61
39,3,1,6,476.35707763546907,419.932
39,3,1,7,471.63356893305894,478.254
39,3,1,8,466.4416924139003,536.576
39,3,1,9,460.78044930719443,594.898
39,3,1,10,454.6487473098918,653.22
39,3,1,11,448.0453995195486,711.542
39,3,1,12,440.9691232685592,769.864
39,3,2,5,147.29331057060966,361.61
39,3,2,6,175.46957395853133,419.932
39,3,2,7,204.15665759444545,478.254
39,3,2,8,233.35993346953893,536.576
39,3,2,9,263.0849478943813,594.898
39,3,2,10,293.337428176038,653.22
39,3,2,11,324.1232896553845,711.542
39,3,2,12,355.4486431281732,769.864
40,3,0,0,368.4874714582961,70.0
40,3,0,1,376.16115257458364,128.322
40,3,0,2,383.2607710426918,186.644
40,3,0,3,389.78835317604614,244.966
40,3,0,4,395.74575361502076,303.288
40,3,0,5,401.1346580061063,361.61
40,3,0,6,405.9565854203841,419.932
40,3,0,7,410.21289051950606,478.254
40,3,0,8,413.9047654764813,536.576
40,3,0,9,417.0332416576596,594.898
40,3,0,10,419.5991910715242,653.22
40,3,0,11,421.60332758904974,711.542
40,3,0,12,423.04620793962687,769.864
40,3,1,3,139.63233354438168,244.966
40,3,1,4,161.23244475083314,303.288
40,3,1,5,183.57970049351064,361.61
40,3,1,6,206.6838201735289,419.932
40,3,1,7,230.5550304599471,478.254
40,3,1,8,255.2040920378115,536.576
40,3,1,9,280.6423285255746,594.898
40,3,1,10,306.88165776748247,653.22
40,3,1,11,333.93462573068325,711.542
40,3,1,12,361.81444326430335,769.864
40,3,2,7,146.63718258056716,478.254
40,3,2,8,183.71064968977234,536.576
40,3,2,9,221.36325051699282,594.898
40,3,2,10,259.6029549562966,653.22
40,3,2,11,298.4380075708087,711.542
40,3,2,12,337.8769400495264,769.864
41,3,0,0,392.2841571880278,70.0
41,3,0,1,397.39423081973007,128.322
41,3,0,2,402.0682614725627,186.644
41,3,0,3,406.30702657992293,244.966
41,3,0,4,410.1112295800247,303.288
41,3,0,5,413.48150050380127,361.61
41,3,0,6,416.4183964996644,419.932
41,3,0,7,418.9224022961711,478.254
41,3,0,8,420.99393060346097,536.576
41,3,0,9,422.63332245428484,594.898
41,3,0,10,423.8408474852411,653.22
41,3,0,11,424.6167041588051,711.542
41,3,0,12,424.9610199265369,769.864
41,3,1,0,840.6934391844022,70.0
41,3,1,1,816.1753371138084,128.322
41,3,1,2,790.9496102912342,186.644
41,3,1,3,765.0067471308573,244.966
41,3,1,4,738.3367869752599,303.288
41,3,1,5,710.9292967452086,361.61
41,3,1,6,682.7733458083121,419.932
41,3,1,7,653.8574789040883,478.254
41,3,1,8,624.1696869448131,536.576
41,3,1,9,593.6973754909657,594.898
41,3,1,10,562.4273306768905,653.22
41,3,1,11,530.3456823358008,711.542
41,3,1,12,497.4378640432905,769.864
41,3,2,0,211.6859134747853,70.0
41,3,2,1,223.22145763176792,128.322
41,3,2,2,235.27689646273413,186.644
41,3,2,3,247.85500089294564,244.966
41,3,2,4,260.9586830137424,303.288
41,3,2,5,274.5909996545336,361.61
41,3,2,6,288.7551561780156,419.932
41,3,2,7,303.4545105102157,478.254
41,3,2,8,318.6925774179359,536.576
41,3,2,9,334.47303304709226,594.898
41,3,2,10,350.7997197365908,653.22
41,3,2,11,367.6766511234929,711.542
41,3,2,12,385.10801755651295,769.864
42,3,0,6,152.06704878528825,419.932
42,3,0,7,188.6452298861567,478.254
42,3,0,8,224.31027306649472,536.576
42,3,0,9,259.0808787161164,594.898
42,3,0,10,292.97478976776256,653.22
42,3,0,11,326.00885286450625,711.542
42,3,0,12,358.199074381792,769.864
42,3,1,0,765.7476946147149,70.0
42,3,1,1,716.3111634106808,128.322
42,3,1,2,672.2138579552534,186.644
42,3,1,3,632.8313695842303,244.966
42,3,1,4,597.6861342510693,303.288
42,3,1,5,566.405157700987,361.61
42,3,1,6,538.6925362796188,419.932
42,3,1,7,514.3109229331025,478.254
42,3,1,8,493.06864961085853,536.576
42,3,1,9,474.81056645016025,594.898
42,3,1,10,459.41140751146673,653.22
42,3,1,11,446.77092841322263,711.542
42,3,1,12,436.81032469788477,769.864
42,3,2,0,403.5759347056014,70.0
42,3,2,1,402.1016756550091,128.322
42,3,2,2,401.0743126472551,186.644
42,3,2,3,400.4936648418769,244.966
42,3,2,4,400.35963007413324,303.288
42,3,2,5,400.67218476508606,361.61
42,3,2,6,401.4313839008632,419.932
42,3,2,7,402.6373610810327,478.254
42,3,2,8,404.290328636205,536.576
42,3,2,9,406.3905778151055,594.898
42,3,2,10,408.93847904148333,653.22
42,3,2,11,411.9344822414141,711.542
42,3,2,12,415.3791172416449,769.864
43,3,0,0,291.6212618527218,70.0
43,3,0,1,282.4304262690937,128.322
43,3,0,2,276.0254692297886,186.644
43,3,0,3,272.36368716610673,244.966
43,3,0,4,271.42105846964887,303.288
43,3,0,5,273.1914449455797,361.61
43,3,0,6,277.68639028378044,419.932
43,3,0,7,284.93549990948236,478.254
43,3,0,8,294.98743178336554,536.576
43,3,0,9,307.9115771504564,594.898
43,3,0,10,323.8005713008009,653.22
43,3,0,11,342.7738572936752,711.542
43,3,0,12,364.98264608164675,769.864
43,3,1,0,368.77936407738696,70.0
43,3,1,1,388.6303867363746,128.322
43,3,1,2,405.8376999813885,186.644
43,3,1,3,420.49549043218786,244.966
43,3,1,4,432.68048546437666,303.288
43,3,1,5,442.45413748793175,361.61
43,3,1,6,449.8642717140159,419.932
43,3,1,7,454.94630693824666,478.254
43,3,1,8,457.72412533107297,536.576
43,3,1,9,458.2106425978034,594.898
43,3,1,10,456.4081108850913,653.22
43,3,1,11,452.30817120985523,711.542
43,3,1,12,445.8916582840751,769.864
43,3,2,0,313.44968434453074,70.0
43,3,2,1,316.79665971234147,128.322
43,3,2,2,320.8174866788987,186.644
43,3,2,3,325.513771830917,244.966
43,3,2,4,330.8873981191226,303.288
43,3,2,5,336.94052866738537,361.61
43,3,2,6,343.6756111775886,419.932
43,3,2,7,351.0953829514155,478.254
43,3,2,8,359.20287655344,536.576
43,3,2,9,368.0014261433465,594.898
43,3,2,10,377.4946745087851,653.22
43,3,2,11,387.6865808343353,711.542
43,3,2,12,398.58142924635354,769.864
44,3,0,2,819.3416394139017,186.644
44,3,0,3,783.0586512909897,244.966
44,3,0,4,747.480426041998,303.288
44,3,0,5,712.5957845455223,361.61
44,3,0,6,678.3939940353482,419.932
44,3,0,7,644.8647457740461,478.254
44,3,0,8,611.9981342026066,536.576
44,3,0,9,579.7846374495925,594.898
44,3,0,10,548.2150990939925,653.22
44,3,0,11,517.2807110856843,711.542
44,3,0,12,486.97299773602356,769.864
44,3,1,0,547.0400052923612,70.0
44,3,1,1,555.4546930484962,128.322
44,3,1,2,561.2998055930117,186.644
44,3,1,3,564.6086379667092,244.966
44,3,1,4,565.3997828138309,303.288
44,3,1,5,563.6776586602473,361.61
44,3,1,6,559.4326341797212,419.932
44,3,1,7,552.6407566926323,478.254
44,3,1,8,543.2630668249756,536.576
44,3,1,9,531.2444527387993,594.898
44,3,1,10,516.511962999586,653.22
44,3,1,11,498.9724521655248,711.542
44,3,1,12,478.5093704833193,769.864
44,3,2,8,144.33331207434153,536.576
44,3,2,9,192.00376558186076,594.898
44,3,2,10,238.84838066854888,653.22
44,3,2,11,284.88393816596766,711.542
44,3,2,12,330.1264889895651,769.864
45,4,0,0,672.6086314767756,70.0
45,4,0,1,642.6076954314041,128.322
45,4,0,2,614.7627040201729,186.644
45,4,0,3,588.9844934587518,244.966
45,4,0,4,565.1948533279266,303.288
45,4,0,5,543.3250732395227,361.61
45,4,0,6,523.314755611392,419.932
45,4,0,7,505.11083988297685,478.254
45,4,0,8,488.66679665362096,536.576
45,4,0,9,473.9419599011562,594.898
45,4,0,10,460.90097265297237,653.22
45,4,0,11,449.51332693173697,711.542
45,4,0,12,439.7529829680086,769.864
45,4,1,0,451.4675820496716,70.0
45,4,1,1,455.7101538291328,128.322
45,4,1,2,459.0116199256282,186.644
45,4,1,3,461.37454436268297,244.966
45,4,1,4,462.80075654488445,303.288
45,4,1,5,463.2913583618558,361.61
45,4,1,6,462.84672845227465,419.932
45,4,1,7,461.4665236665304,478.254
45,4,1,8,459.1496777412153,536.576
45,4,1,9,455.89439717349137,594.898
45,4,1,10,451.6981542580006,653.22
45,4,1,11,446.55767722301727,711.542
45,4,1,12,440.46893737551375,769.864
45,4,2,0,522.0644802209099,70.0
45,4,2,1,519.343826416655,128.322
45,4,2,2,515.9914707519097,186.644
45,4,2,3,512.0062349886557,244.966
45,4,2,4,507.3867146374756,303.288
45,4,2,5,502.13127646625037,361.61
45,4,2,6,496.2380555877265,419.932
45,4,2,7,489.70495211371264,478.254
45,4,2,8,482.5296273617651,536.576
45,4,2,9,474.709499598125,594.898
45,4,2,10,466.2417392985519,653.22
45,4,2,11,457.12326390632523,711.542
45,4,2,12,447.35073206425267,769.864
45,4,3,0,444.9093035118316,70.0
45,4,3,1,458.4258870673721,128.322
45,4,3,2,469.5728263211219,186.644
45,4,3,3,478.4022496919133,244.966
45,4,3,4,484.95436599295596,303.288
45,4,3,5,489.2584130585474,361.61
45,4,3,6,491.3333247443806,419.932
45,4,3,7,491.18815270887006,478.254
45,4,3,8,488.82226524772483,536.576
45,4,3,9,484.22533347627603,594.898
45,4,3,10,477.37710414843906,653.22
45,4,3,11,468.246947328941,711.542
45,4,3,12,456.79315494789694,769.864
46,4,0,0,401.9463180161191,70.0
46,4,0,1,406.25301433989245,128.322
46,4,0,2,410.142568244266,186.644
46,4,0,3,413.6155731877479,244.966
46,4,0,4,416.67255812180963,303.288
46,4,0,5,419.313987895661,361.61
46,4,0,6,421.5402636110364,419.932
46,4,0,7,423.35172292762525,478.254
46,4,0,8,424.7486403196738,536.576
46,4,0,9,425.73122728424215,594.898
46,4,0,10,426.2996325014522,653.22
46,4,0,11,426.4539419470511,711.542
46,4,0,12,426.1941789574421,769.864
46,4,1,0,311.633771904448,70.0
46,4,1,1,321.93286765715277,128.322
46,4,1,2,331.87278645554875,186.644
46,4,1,3,341.45462402590283,244.966
46,4,1,4,350.6794324063121,303.288
46,4,1,5,359.54822054457543,361.61
46,4,1,6,368.06195486799356,419.932
46,4,1,7,376.22155982587174,478.254
46,4,1,8,384.02791840544853,536.576
46,4,1,9,391.4818726219662,594.898
46,4,1,10,398.5842239834898,653.22
46,4,1,11,405.3357339311373,711.542
46,4,1,12,411.73712425524843,769.864
46,4,2,6,149.32189097459408,419.932
46,4,2,7,185.4415786826775,478.254
46,4,2,8,220.88707443499004,536.576
46,4,2,9,255.66859825765118,594.898
46,4,2,10,289.7959788929247,653.22
46,4,2,11,323.2786725560911,711.542
46,4,2,12,356.1257805026113,769.864
46,4,3,0,380.0188635992669,70.0
46,4,3,1,380.43574792751684,128.322
46,4,3,2,381.26424910342257,186.644
46,4,3,3,382.5044909466618,244.966
46,4,3,4,384.15665890447406,303.288
46,4,3,5,386.22100019042045,361.61
46,4,3,6,388.6978239695717,419.932
46,4,3,7,391.5875015904392,478.254
46,4,3,8,394.8904668640761,536.576
46,4,3,9,398.60721639083755,594.898
46,4,3,10,402.7383099353473,653.22
46,4,3,11,407.2843708503814,711.542
46,4,3,12,412.2460865503799,769.864
47,4,0,0,506.6022818663131,70.0
47,4,0,1,498.30058400705246,128.322
47,4,0,2,490.3793686663045,186.644
47,4,0,3,482.83764533980354,244.966
47,4,0,4,475.6744741692236,303.288
47,4,0,5,468.88896534360873,361.61
47,4,0,6,462.48027853566424,419.932
47,4,0,7,456.4476223720778,478.254
47,4,0,8,450.79025393704916,536.576
47,4,0,9,445.50747830832137,594.898
47,4,0,10,440.59864812499455,653.22
47,4,0,11,436.06316318652813,711.542
47,4,0,12,431.9004700823057,769.864
47,4,1,8,169.56186549337474,536.576
47,4,1,9,209.17296699113513,594.898
47,4,1,10,249.49994705112306,653.22
47,4,1,11,290.55535422985423,711.542
47,4,1,12,332.35226688540513,769.864
47,4,2,0,265.13045252493924,70.0
47,4,2,1,274.02815998472136,128.322
47,4,2,2,283.28018375540796,186.644
47,4,2,3,292.8875259479925,244.966
47,4,2,4,302.8512311626266,303.288
47,4,2,5,313.1723870765892,361.61
47,4,2,6,323.8521250605089,419.932
47,4,2,7,334.89162082364527,478.254
47,4,2,8,346.29209508915096,536.576
47,4,2,9,358.0548143002241,594.898
47,4,2,10,370.1810913581693,653.22
47,4,2,11,382.6722863934035,711.542
47,4,2,12,395.5298075705174,769.864
47,4,3,0,595.9465152680323,70.0
47,4,3,1,588.3269798121928,128.322
47,4,3,2,580.035187152592,186.644
47,4,3,3,571.0678818367145,244.966
47,4,3,4,561.4215194931492,303.288
47,4,3,5,551.0922596074554,361.61
47,4,3,6,540.0759576013488,419.932
47,4,3,7,528.368156175811,478.254
47,4,3,8,515.9640758743061,536.576
47,4,3,9,502.8586048175091,594.898
47,4,3,10,489.0462875556395,653.22
47,4,3,11,474.52131297873126,711.542
47,4,3,12,459.27750121872623,769.864
48,4,0,4,175.2730090994478,303.288
48,4,0,5,214.62267881547015,361.61
48,4,0,6,250.110991175819,419.932
48,4,0,7,282.051344316622,478.254
48,4,0,8,310.697366496545,536.576
48,4,0,9,336.25631051269914,594.898
48,4,0,10,358.8986330183334,653.22
48,4,0,11,378.76498761333903,711.542
48,4,0,12,395.97141373165493,769.864
48,4,1,0,630.0809314081813,70.0
48,4,1,1,612.4394566902802,128.322
48,4,1,2,595.2789370359083,186.644
48,4,1,3,578.5961717115729,244.966
48,4,1,4,562.3880762634975,303.288
48,4,1,5,546.6516793777776,361.61
48,4,1,6,531.3841198956206,419.932
48,4,1,7,516.5826439761839,478.254
48,4,1,8,502.24460239986684,536.576
48,4,1,9,488.36744800551855,594.898
48,4,1,10,474.9487332553467,653.22
48,4,1,11,461.9861079217279,711.542
48,4,1,12,449.47731689053677,769.864
48,4,2,0,738.566741542395,70.0
48,4,2,1,712.8904755625072,128.322
48,4,2,2,687.7586670270541,186.644
48,4,2,3,663.1658299406392,244.966
48,4,2,4,639.1066670836382,303.288
48,4,2,5,615.576063156113,361.61
48,4,2,6,592.5690782829495,419.932
48,4,2,7,570.0809418584287,478.254
48,4,2,8,548.1070467099769,536.576
48,4,2,9,526.6429435623185,594.898
48,4,2,10,505.6843357845866,653.22
48,4,2,11,485.227074404159,711.542
48,4,2,12,465.26715337216734,769.864
48,4,3,6,163.00016652131174,419.932
48,4,3,7,199.69594087222646,478.254
48,4,3,8,235.02848297532768,536.576
48,4,3,9,269.03888776846816,594.898
48,4,3,10,301.76516617281607,653.22
48,4,3,11,333.2425300737359,711.542
48,4,3,12,363.5036428162737,769.864
49,4,0,3,155.3593844966782,244.966
49,4,0,4,193.41782435020906,303.288
49,4,0,5,228.23145428912656,361.61
49,4,0,6,260.02253839700955,419.932
49,4,0,7,288.9766151588211,478.254
49,4,0,8,315.2496539570478,536.576
49,4,0,9,338.97342177762494,594.898
49,4,0,10,360.25956993709883,653.22
49,4,0,11,379.2027856981022,711.542
49,4,0,12,395.88324715852394,769.864
49,4,1,2,736.5149812875486,186.644
49,4,1,3,653.9913353476077,244.966
49,4,1,4,591.927926589927,303.288
49,4,1,5,543.1913351484195,361.61
49,4,1,6,504.39111719574987,419.932
49,4,1,7,473.61938314202166,478.254
49,4,1,8,449.7006443446666,536.576
49,4,1,9,431.8766637592577,594.898
49,4,1,10,419.65432230727845,653.22
49,4,1,11,412.726101841249,711.542
49,4,1,12,410.9277156081075,769.864
49,4,2,0,446.51876653408505,70.0
49,4,2,1,456.4959316777335,128.322
49,4,2,2,464.67807020927006,186.644
49,4,2,3,471.08770971485313,244.966
49,4,2,4,475.7422347541768,303.288
49,4,2,5,478.6541272015627,361.61
49,4,2,6,479.83113558783805,419.932
49,4,2,7,479.27637887695096,478.254
49,4,2,8,476.9883879478234,536.576
49,4,2,9,472.9610860759754,594.898
49,4,2,10,467.1837078067136,653.22
49,4,2,11,459.64065367461967,711.542
49,4,2,12,450.31127614193224,769.864
49,4,3,0,623.0715531210803,70.0
49,4,3,1,606.056350090467,128.322
49,4,3,2,589.5009388181824,186.644
49,4,3,3,573.4024801749572,244.966
49,4,3,4,557.7582357688618,303.288
49,4,3,5,542.5655653957465,361.61
49,4,3,6,527.8219246113579,419.932
49,4,3,7,513.5248624195324,478.254
49,4,3,8,499.67201907120165,536.576
49,4,3,9,486.26112396929483,594.898
49,4,3,10,473.2899936749097,653.22
49,4,3,11,460.75653001041087,711.542
49,4,3,12,448.6587182553852,769.864
50,4,0,0,820.687318028715,70.0
50,4,0,1,799.0080106367368,128.322
50,4,0,2,776.4294127188518,186.644
50,4,0,3,752.9372955456261,244.966
50,4,0,4,728.5165341855147,303.288
50,4,0,5,703.1510496855974,361.61
50,4,0,6,676.8237455332683,419.932
50,4,0,7,649.5164377321523,478.254
50,4,0,8,621.20977772901,536.576
50,4,0,9,591.8831673154284,594.898
50,4,0,10,561.5146644956357,653.22
50,4,0,11,530.0808791556781,711.542
50,4,0,12,497.55685718473256,769.864
50,4,1,4,812.1340796088607,303.288
50,4,1,5,771.0950944090312,361.61
50,4,1,6,730.6881690293603,419.932
50,4,1,7,690.9038275416042,478.254
50,4,1,8,651.7329242035928,536.576
50,4,1,9,613.166628487689,594.898
50,4,1,10,575.1964109940728,653.22
50,4,1,11,537.8140301858684,711.542
50,4,1,12,501.0115198885044,769.864
50,4,2,0,399.84755259893694,70.0
50,4,2,1,399.1429362506363,128.322
50,4,2,2,398.8080126345875,186.644
50,4,2,3,398.84274138336923,244.966
50,4,2,4,399.24712668246934,303.288
50,4,2,5,400.02121727280775,361.61
50,4,2,6,401.16510648011223,419.932
50,4,2,7,402.6789322712088,478.254
50,4,2,8,404.56287733726293,536.576
50,4,2,9,406.81716920415164,594.898
50,4,2,10,409.442080370047,653.22
50,4,2,11,412.43792847048053,711.542
50,4,2,12,415.8050764710682,769.864
50,4,3,0,372.3170876588455,70.0
50,4,3,1,373.42121788510724,128.322
50,4,3,2,374.915070146992,186.644
50,4,3,3,376.798844532839,244.966
50,4,3,4,379.0727935529467,303.288
50,4,3,5,381.73722230906355,361.61
50,4,3,6,384.79248869952505,419.932
50,4,3,7,388.2390036603294,478.254
50,4,3,8,392.07723144255374,536.576
50,4,3,9,396.3076899265247,594.898
50,4,3,10,400.9309509732765,653.22
50,4,3,11,405.94764081382095,711.542
50,4,3,12,411.35844047687294,769.864
51,4,0,0,623.392413037586,70.0
51,4,0,1,606.1629752134468,128.322
51,4,0,2,589.4239580082589,186.644
51,4,0,3,573.1721025697389,244.966
51,4,0,4,557.4042724582414,303.288
51,4,0,5,542.1174503285112,361.61
51,4,0,6,527.3087347795516,419.932
51,4,0,7,512.9753373643797,478.254
51,4,0,8,499.11457975192303,536.576
51,4,0,9,485.72389103388184,594.898
51,4,0,10,472.8008051697992,653.22
51,4,0,11,460.34295856406334,711.542
51,4,0,12,448.3480877689562,769.864
51,4,1,0,197.87065907019388,70.0
51,4,1,1,231.7870624604356,128.322
51,4,1,2,262.4128678925426,186.644
51,4,1,3,289.96263725467725,244.966
51,4,1,4,314.6136922397991,303.288
51,4,1,5,336.51329984884296,361.61
51,4,1,6,355.7840195025309,419.932
51,4,1,7,372.5277370185123,478.254
51,4,1,8,386.82873828669244,536.576
51,4,1,9,398.7560645574619,594.898
51,4,1,10,408.3653179050848,653.22
51,4,1,11,415.7000356141058,711.542
51,4,1,12,420.792717478778,769.864
51,4,2,0,308.959537940324,70.0
51,4,2,1,312.64759769193444,128.322
51,4,2,2,317.0055187733743,186.644
51,4,2,3,322.03502079304883,244.966
51,4,2,4,327.7380956862965,303.288
51,4,2,5,334.11701170072763,361.61
51,4,2,6,341.17431796617245,419.932
51,4,2,7,348.9128496709898,478.254
51,4,2,8,357.3357338696759,536.576
51,4,2,9,366.446395950048,594.898
51,4,2,10,376.24856679194056,653.22
51,4,2,11,386.74629065324467,711.542
51,4,2,12,397.9439338233755,769.864
51,4,3,0,200.84435460279062,70.0
51,4,3,1,222.1582066223583,128.322
51,4,3,2,242.59076649413504,186.644
51,4,3,3,262.154327930642,244.966
51,4,3,4,280.8604483915079,303.288
51,4,3,5,298.71998786385393,361.61
51,4,3,6,315.74314434072676,419.932
51,4,3,7,331.9394862947819,478.254
51,4,3,8,347.3179824108598,536.576
51,4,3,9,361.88702881169365,594.898
51,4,3,10,375.654473985074,653.22
51,4,3,11,388.62764159799195,711.542
51,4,3,12,400.81335136304443,769.864
52,4,0,0,487.9028548392594,70.0
52,4,0,1,480.9901302310678,128.322
52,4,0,2,474.4469811009632,186.644
52,4,0,3,468.272630643672,244.966
52,4,0,4,462.46634783306985,303.288
52,4,0,5,457.0274469829692,361.61
52,4,0,6,451.95528733687837,419.932
52,4,0,7,447.24927268616904,478.254
52,4,0,8,442.9088510161122,536.576
52,4,0,9,438.9335141792761,594.898
52,4,0,10,435.3227975958504,653.22
52,4,0,11,432.0762799804677,711.542
52,4,0,12,429.1935830951336,769.864
52,4,1,0,515.6755340112707,70.0
52,4,1,1,511.92064426348054,128.322
52,4,1,2,507.7561027869078,186.644
52,4,1,3,503.1812953872561,244.966
52,4,1,4,498.1955459473345,303.288
52,4,1,5,492.79811592326547,361.61
52,4,1,6,486.9882037920911,419.932
52,4,1,7,480.76494444978,478.254
52,4,1,8,474.12740855859715,536.576
52,4,1,9,467.0746018426436,594.898
52,4,1,10,459.60546433032954,653.22
52,4,1,11,451.71886954238346,711.542
52,4,1,12,443.413623623943,769.864
52,4,2,7,775.5057358200997,478.254
52,4,2,8,699.0718455232686,536.576
52,4,2,9,635.1247449853856,594.898
52,4,2,10,580.6206535981055,653.22
52,4,2,11,533.7093416061988,711.542
52,4,2,12,493.1701129598314,769.864
52,4,3,0,650.007801893523,70.0
52,4,3,1,629.7954465614473,128.322
52,4,3,2,610.2536663373656,186.644
52,4,3,3,591.3755645260827,244.966
52,4,3,4,573.1545681907955,303.288
52,4,3,5,555.5844152560778,361.61
52,4,3,6,538.6591424647988,419.932
52,4,3,7,522.373074129832,478.254
52,4,3,8,506.7208116265754,536.576
52,4,3,9,491.6972235770513,594.898
52,4,3,10,477.29743668058046,653.22
52,4,3,11,463.5168271499081,711.542
52,4,3,12,450.3510127151724,769.864
53,4,0,0,771.6057655210986,70.0
53,4,0,1,743.5075832397683,128.322
53,4,0,2,715.9692833794809,186.644
53,4,0,3,688.9847086201478,244.966
53,4,0,4,662.5479127295318,303.288
53,4,0,5,636.6531524680584,361.61
53,4,0,6,611.2948799294124,419.932
53,4,0,7,586.467735289569,478.254
53,4,0,8,562.1665399389092,536.576
53,4,0,9,538.3862899739993,594.898
53,4,0,10,515.1221500272868,653.22
53,4,0,11,492.3694474145346,711.542
53,4,0,12,470.1236665813038,769.864
53,4,1,5,831.1313031981997,361.61
53,4,1,6,779.2169987532438,419.932
53,4,1,7,729.3210565562242,478.254
53,4,1,8,681.3449833394363,536.576
53,4,1,9,635.2000321980115,594.898
53,4,1,10,590.8059338538868,653.22
53,4,1,11,548.0898353427556,711.542
53,4,1,12,506.98540611170546,769.864
53,4,2,6,137.899900385775,419.932
53,4,2,7,175.64261542577697,478.254
53,4,2,8,212.64524688229287,536.576
53,4,2,9,248.92032462668587,594.898
53,4,2,10,284.4798590641077,653.22
53,4,2,11,319.3353684318256,711.542
53,4,2,12,353.4979042129857,769.864
53,4,3,0,233.8657080272709,70.0
53,4,3,1,251.31408620115533,128.322
53,4,3,2,268.13747721848586,186.644
53,4,3,3,284.34118651355277,244.966
53,4,3,4,299.93026746908066,303.288
53,4,3,5,314.9095300531459,361.61
53,4,3,6,329.28354890322055,419.932
53,4,3,7,343.05667089143935,478.254
53,4,3,8,356.23302220232375,536.576
53,4,3,9,368.81651495165227,594.898
53,4,3,10,380.8108533727782,653.22
53,4,3,11,392.21953959452463,711.542
53,4,3,12,403.04587903281634,769.864
54,4,0,8,162.5868609855551,536.576
54,4,0,9,210.45889943981393,594.898
54,4,0,10,256.14807614999705,653.22
54,4,0,11,299.76727095086835,711.542
54,4,0,12,341.4170956260179,769.864
54,4,1,4,143.09356545817357,303.288
54,4,1,5,168.44246205514966,361.61
54,4,1,6,194.29907782613012,419.932
54,4,1,7,220.6683738993108,478.254
54,4,1,8,247.55547657204525,536.576
54,4,1,9,274.96568342361695,594.898
54,4,1,10,302.9044697563188,653.22
54,4,1,11,331.377495385831,711.542
54,4,1,12,360.39061180360216,769.864
54,4,2,0,390.41139024790505,70.0
54,4,2,1,395.2830460025369,128.322
54,4,2,2,399.7756981710839,186.644
54,4,2,3,403.88991173948085,244.966
54,4,2,4,407.62620311737373,303.288
54,4,2,5,410.9850404643986,361.61
54,4,2,6,413.9668439851418,419.932
54,4,2,7,416.57198619317586,478.254
54,4,2,8,418.80079214459755,536.576
54,4,2,9,420.6535396413925,594.898
54,4,2,10,422.13045940492316,653.22
54,4,2,11,423.23173521980283,711.542
54,4,2,12,423.9575040483636,769.864
54,4,3,8,152.84750316776945,536.576
54,4,3,9,199.51552565244648,594.898
54,4,3,10,245.19899685229015,653.22
54,4,3,11,289.92154313924016,711.542
54,4,3,12,333.70556712904147,769.864
55,4,0,0,220.84442794482754,70.0
55,4,0,1,231.76808795666207,128.322
55,4,0,2,243.20696376923328,186.644
55,4,0,3,255.1636472970444,244.966
55,4,0,4,267.64086640280357,303.288
55,4,0,5,280.6414881775709,361.61
55,4,0,6,294.1685224282122,419.932
55,4,0,7,308.2251253825642,478.254
55,4,0,8,322.81460362357154,536.576
55,4,0,9,337.9404182645018,594.898
55,4,0,10,353.6061893783368,653.22
55,4,0,11,369.8157006954563,711.542
55,4,0,12,386.5729045848631,769.864
55,4,1,2,158.96785249034647,186.644
55,4,1,3,187.20699248968623,244.966
55,4,1,4,214.21664326624014,303.288
55,4,1,5,240.02576247318277,361.61
55,4,1,6,264.6611768264742,419.932
55,4,1,7,288.1477523047889,478.254
55,4,1,8,310.5085452596254,536.576
55,4,1,9,331.7649368795983,594.898
55,4,1,10,351.9367530825589,653.22
55,4,1,11,371.0423716015235,711.542
55,4,1,12,389.09881777352723,769.864
55,4,2,0,787.3695715879132,70.0
55,4,2,1,766.8855007209045,128.322
55,4,2,2,745.6538799359332,186.644
55,4,2,3,723.6653529027144,244.966
55,4,2,4,700.9100643935701,303.288
55,4,2,5,677.3776345129145,361.61
55,4,2,6,653.0571308302046,419.932
55,4,2,7,627.93703821965,478.254
55,4,2,8,602.0052261869856,536.576
55,4,2,9,575.2489134373852,594.898
55,4,2,10,547.6546294088585,653.22
55,4,2,11,519.2081724614184,711.542
55,4,2,12,489.89456437345063,769.864
55,4,3,10,187.86043318315092,653.22
55,4,3,11,251.94324560513536,711.542
55,4,3,12,311.2421634545077,769.864
56,4,0,0,720.1226788522263,70.0
56,4,0,1,703.6690059844409,128.322
56,4,0,2,686.5621755590962,186.644
56,4,0,3,668.7962061812707,244.966
56,4,0,4,650.3648084170968,303.288
56,4,0,5,631.2613723935401,361.61
56,4,0,6,611.478954503549,419.932
56,4,0,7,591.0102631481423,478.254
56,4,0,8,569.8476434402459,536.576
56,4,0,9,547.9830607874442,594.898
56,4,0,10,525.4080832623904,653.22
56,4,0,11,502.11386266017547,711.542
56,4,0,12,478.0911141313838,769.864
56,4,1,2,145.4158915858187,186.644
56,4,1,3,164.46322373121598,244.966
56,4,1,4,184.18795905693545,303.288
56,4,1,5,204.5973381201602,361.61
56,4,1,6,225.69896184703902,419.932
56,4,1,7,247.500807755595,478.254
56,4,1,8,270.0112473740031,536.576
56,4,1,9,293.23906495318545,594.898
56,4,1,10,317.19347758306526,653.22
56,4,1,11,341.88415683336746,711.542
56,4,1,12,367.3212520528995,769.864
56,4,2,9,150.10249063101574,594.898
56,4,2,10,205.88094867635132,653.22
56,4,2,11,260.45399683795296,711.542
56,4,2,12,313.8578082556844,769.864
56,4,3,0,571.2025898726295,70.0
56,4,3,1,557.091728753451,128.322
56,4,3,2,543.5598564292724,186.644
56,4,3,3,530.6032009637548,244.966
56,4,3,4,518.2181814048934,303.288
56,4,3,5,506.4014025240926,361.61
56,4,3,6,495.14964989268236,419.932
56,4,3,7,484.4598852783025,478.254
56,4,3,8,474.3292423450716,536.576
56,4,3,9,464.7550226427016,594.898
56,4,3,10,455.73469187093934,653.22
56,4,3,11,447.2658764068129,711.542
56,4,3,12,439.34636008324134,769.864
57,4,0,7,144.4509896096518,478.254
57,4,0,8,180.682178299963,536.576
57,4,0,9,217.84345233408283,594.898
57,4,0,10,255.95542611837288,653.22
57,4,0,11,295.03987925807894,711.542
57,4,0,12,335.11984373504015,769.864
57,4,1,0,205.15029903029642,70.0
57,4,1,1,223.16661563611655,128.322
57,4,1,2,240.79139669334887,186.644
57,4,1,3,258.0268137158436,244.966
57,4,1,4,274.8749747417718,303.288
57,4,1,5,291.3379257611175,361.61
57,4,1,6,307.41765208580773,419.932
57,4,1,7,323.11607966482813,478.254
57,4,1,8,338.4350763464936,536.576
57,4,1,9,353.37645308997014,594.898
57,4,1,10,367.9419651280343,653.22
57,4,1,11,382.1333130828926,711.542
57,4,1,12,395.9521440368904,769.864
57,4,2,0,772.0476870541627,70.0
57,4,2,1,751.9627719807877,128.322
57,4,2,2,731.2229674065295,186.644
57,4,2,3,709.821233692325,244.966
57,4,2,4,687.7502003318007,303.288
57,4,2,5,665.0021512426795,361.61
57,4,2,6,641.569009016488,419.932
57,4,2,7,617.4423180423998,478.254
57,4,2,8,592.613226412581,536.576
57,4,2,9,567.0724665068429,594.898
57,4,2,10,540.8103341438363,653.22
57,4,2,11,513.8166661740712,711.542
57,4,2,12,486.08081637669136,769.864
57,4,3,0,392.77086761568233,70.0
57,4,3,1,406.84251770964084,128.322
57,4,3,2,419.0277774024796,186.644
57,4,3,3,429.36260943257207,244.966
57,4,3,4,437.8768015095955,303.288
57,4,3,5,444.5944147811196,361.61
57,4,3,6,449.5341345839505,419.932
57,4,3,7,452.7095357985359,478.254
57,4,3,8,454.129271798585,536.576
57,4,3,9,453.7971932236286,594.898
57,4,3,10,451.71240041344936,653.22
57,4,3,11,447.8692311803523,711.542
57,4,3,12,442.257183529474,769.864
58,4,0,2,154.1138253919179,186.644
58,4,0,3,178.96338153577028,244.966
58,4,0,4,203.33410125426326,303.288
58,4,0,5,227.2301439259711,361.61
58,4,0,6,250.6555412684158,419.932
58,4,0,7,273.61420139229665,478.254
58,4,0,8,296.109912666479,536.576
58,4,0,9,318.14634740378654,594.898
58,4,0,10,339.7270653770387,653.22
58,4,0,11,360.8555171741696,711.542
58,4,0,12,381.53504740068206,769.864
58,4,1,0,307.38618663557344,70.0
58,4,1,1,307.7776581947377,128.322
58,4,1,2,309.34316945699527,186.644
58,4,1,3,312.08462569746473,244.966
58,4,1,4,316.00537329954057,303.288
58,4,1,5,321.11022026976354,361.61
58,4,1,6,327.4054659402067,419.932
58,4,1,7,334.8989402900917,478.254
58,4,1,8,343.60005346646,536.576
58,4,1,9,353.51985624742895,594.898
58,4,1,10,364.6711123757194,653.22
58,4,1,11,377.06838390048733,711.542
58,4,1,12,390.72813090904776,769.864
58,4,2,0,639.8657665551445,70.0
58,4,2,1,629.3609098793532,128.322
58,4,2,2,618.1566276609288,186.644
58,4,2,3,606.2482261611235,244.966
58,4,2,4,593.6306705072609,303.288
58,4,2,5,580.2985734743671,361.61
58,4,2,6,566.2461832914196,419.932
58,4,2,7,551.4673704043317,478.254
58,4,2,8,535.9556131204097,536.576
58,4,2,9,519.703982050788,594.898
58,4,2,10,502.70512325823046,653.22
58,4,2,11,484.9512400074957,711.542
58,4,2,12,466.4340730040847,769.864
58,4,3,0,355.0637876848301,70.0
58,4,3,1,342.83762164640353,128.322
58,4,3,2,333.2737951770197,186.644
58,4,3,3,326.3152763708767,244.966
58,4,3,4,321.9215914675442,303.288
58,4,3,5,320.0676167071441,361.61
58,4,3,6,320.7428494111315,419.932
58,4,3,7,323.9511080101736,478.254
58,4,3,8,329.7106407815057,536.576
58,4,3,9,338.05465060092405,594.898
58,4,3,10,349.0322714541484,653.22
58,4,3,11,362.7100653597918,711.542
58,4,3,12,379.1741502014712,769.864
59,4,0,10,187.96305374658522,653.22
59,4,0,11,251.25495222633523,711.542
59,4,0,12,310.3241169095917,769.864
59,4,1,7,777.0235863523567,478.254
59,4,1,8,711.8467363797079,536.576
59,4,1,9,652.9999856095278,594.898
59,4,1,10,599.5951643528593,653.22
59,4,1,11,550.965173287824,711.542
59,4,1,12,506.5945516492504,769.864
59,4,2,0,174.6756046989458,70.0
59,4,2,1,201.7779219460735,128.322
59,4,2,2,227.29695700977112,186.644
59,4,2,3,251.27870249121975,244.966
59,4,2,4,273.7647697374233,303.288
59,4,2,5,294.7928208286621,361.61
59,4,2,6,314.3969395016939,419.932
59,4,2,7,332.6079506333017,478.254
59,4,2,8,349.45369610260275,536.576
59,4,2,9,364.95927341802974,594.898
59,4,2,10,379.14724234982407,653.22
59,4,2,11,392.037803886515,711.542
59,4,2,12,403.6489550852236,769.864
59,4,3,0,575.4682212828526,70.0
59,4,3,1,568.2590994823653,128.322
59,4,3,2,560.5281104621358,186.644
59,4,3,3,552.2734228136801,244.966
59,4,3,4,543.4930715956457,303.288
59,4,3,5,534.1849559331531,361.61
59,4,3,6,524.3468364293205,419.932
59,4,3,7,513.9763323813266,478.254
59,4,3,8,503.07091879266045,536.576
59,4,3,9,491.6279231725366,594.898
59,4,3,10,479.6445221126254,653.22
59,4,3,11,467.1177376304395,711.542
59,4,3,12,454.0444332678511,769.864
60,5,0,0,514.8130940839312,70.0
60,5,0,1,514.1205665943518,128.322
60,5,0,2,512.5689048015707,186.644
60,5,0,3,510.15709799669725,244.966
60,5,0,4,506.8835720462341,303.288
60,5,0,5,502.74618423923613,361.61
60,5,0,6,497.7422162396009,419.932
60,5,0,7,491.86836508911284,478.254
60,5,0,8,485.12073219121254,536.576
60,5,0,9,477.4948101888258,594.898
60,5,0,10,468.98546763171436,653.22
60,5,0,11,459.58693130942015,711.542
60,5,0,12,449.2927661046215,769.864
60,5,1,0,305.47417483352535,70.0
60,5,1,1,318.9013881771149,128.322
60,5,1,2,331.54201789870694,186.644
60,5,1,3,343.40259820703,244.966
60,5,1,4,354.4891944256622,303.288
60,5,1,5,364.80741933455283,361.61
60,5,1,6,374.36244804892016,419.932
60,5,1,7,383.15903153157194,478.254
60,5,1,8,391.20150882412275,536.576
60,5,1,9,398.4938180730489,594.898
60,5,1,10,405.03950641785946,653.22
60,5,1,11,410.84173880073337,711.542
60,5,1,12,415.90330574974394,769.864
60,5,2,9,173.40931908927232,594.898
60,5,2,10,223.89520077277314,653.22
60,5,2,11,273.56067449560396,711.542
60,5,2,12,322.42248224737034,769.864
60,5,3,7,171.24992862568726,478.254
60,5,3,8,208.65995886936497,536.576
60,5,3,9,245.41371516669346,594.898
60,5,3,10,281.5210409387644,653.22
60,5,3,11,316.9914156953146,711.542
60,5,3,12,351.8339720857638,769.864
60,5,4,0,802.3243640335845,70.0
60,5,4,1,769.4241612132291,128.322
60,5,4,2,737.5368424961262,186.644
60,5,4,3,706.6406691232555,244.966
60,5,4,4,676.7151675571561,303.288
60,5,4,5,647.7410417057633,361.61
60,5,4,6,619.7000933189703,419.932
60,5,4,7,592.5751496628303,478.254
60,5,4,8,566.3499976911031,536.576
60,5,4,9,541.009324032003,594.898
60,5,4,10,516.5386601921998,653.22
60,5,4,11,492.9243324526466,711.542
60,5,4,12,470.15341599335335,769.864
61,5,0,0,662.1313263407458,70.0
61,5,0,1,648.8435100317406,128.322
61,5,0,2,635.0317220612079,186.644
61,5,0,3,620.6927762273717,244.966
61,5,0,4,605.8233373276229,303.288
61,5,0,5,590.419916983487,361.61
61,5,0,6,574.4788692142056,419.932
61,5,0,7,557.996385744895,478.254
61,5,0,8,540.9684910341789,536.576
61,5,0,9,523.3910370049352,594.898
61,5,0,10,505.25969746057507,653.22
61,5,0,11,486.5699621677757,711.542
61,5,0,12,467.3171305851243,769.864
61,5,1,0,794.7586029195534,70.0
61,5,1,1,764.3071289664965,128.322
61,5,1,2,734.5363121412258,186.644
61,5,1,3,705.436636599924,244.966
61,5,1,4,676.9989717009319,303.288
61,5,1,5,649.214553861525,361.61
61,5,1,6,622.0749695858631,419.932
61,5,1,7,595.572139575169,478.254
61,5,1,8,569.6983038392273,536.576
61,5,1,9,544.4460077353815,594.898
61,5,1,10,519.8080888677275,653.22
61,5,1,11,495.77766478495505,711.542
61,5,1,12,472.34812142055347,769.864
61,5,2,2,816.6326236232985,186.644
61,5,2,3,780.8338895299312,244.966
61,5,2,4,745.6881888841335,303.288
61,5,2,5,711.185965707366,361.61
61,5,2,6,677.3180195008522,419.932
61,5,2,7,644.075488728374,478.254
61,5,2,8,611.4498353162121,536.576
61,5,2,9,579.4328300954282,594.898
61,5,2,10,548.0165391180637,653.22
61,5,2,11,517.193310784708,711.542
61,5,2,12,486.9557637261557,769.864
61,5,3,0,250.98755950510753,70.0
61,5,3,1,247.34382748270184,128.322
61,5,3,2,246.01074279167597,186.644
61,5,3,3,246.9820433900648,244.966
61,5,3,4,250.26228962777984,303.288
61,5,3,5,255.86697196157007,361.61
61,5,3,6,263.8228804082928,419.932
61,5,3,7,274.16875657343223,478.254
61,5,3,8,286.956266087651,536.576
61,5,3,9,302.25135033080585,594.898
61,5,3,10,320.13604402117176,653.22
61,5,3,11,340.71088342573603,711.542
61,5,3,12,364.09808452772484,769.864
61,5,4,0,357.4360979931663,70.0
61,5,4,1,357.0155663985282,128.322
61,5,4,2,357.37297218288984,186.644
61,5,4,3,358.508506171636,244.966
61,5,4,4,360.4227750611983,303.288
61,5,4,5,363.1168030416704,361.61
61,5,4,6,366.59203454240384,419.932
61,5,4,7,370.8503381177941,478.254
61,5,4,8,375.89401149773585,536.576
61,5,4,9,381.7257878348027,594.898
61,5,4,10,388.34884318807417,653.22
61,5,4,11,395.7668052919622,711.542
61,5,4,12,403.98376366730355,769.864
62,5,0,8,175.5258488042267,536.576
62,5,0,9,226.99512877033405,594.898
62,5,0,10,273.57812399966656,653.22
62,5,0,11,315.8092357894981,711.542
62,5,0,12,354.10737976554844,769.864
62,5,1,8,145.7333594427874,536.576
62,5,1,9,186.43205791742452,594.898
62,5,1,10,228.84046365038535,653.22
62,5,1,11,273.0332404555641,711.542
62,5,1,12,319.0928958382768,769.864
62,5,2,4,829.8987379927314,303.288
62,5,2,5,786.5136086860014,361.61
62,5,2,6,743.9026802239432,419.932
62,5,2,7,702.0515387836672,478.254
62,5,2,8,660.9463737981375,536.576
62,5,2,9,620.5739448151447,594.898
62,5,2,10,580.9215507123192,653.22
62,5,2,11,541.9770010669796,711.542
62,5,2,12,503.72858949963904,769.864
62,5,3,7,172.5884493190028,478.254
62,5,3,8,210.60681089946172,536.576
62,5,3,9,247.6936520698914,594.898
62,5,3,10,283.86875603157074,653.22
62,5,3,11,319.15088347158087,711.542
62,5,3,12,353.5578393101099,769.864
62,5,4,3,827.5725700555797,244.966
62,5,4,4,788.43836101642,303.288
62,5,4,5,749.9045172506214,361.61
62,5,4,6,711.9626305417621,419.932
62,5,4,7,674.6045745693439,478.254
62,5,4,8,637.8224927498562,536.576
62,5,4,9,601.6087867651146,594.898
62,5,4,10,565.9561057312178,653.22
62,5,4,11,530.8573359651216,711.542
62,5,4,12,496.30559130926395,769.864
63,5,0,0,473.4978741018114,70.0
63,5,0,1,467.7274626748629,128.322
63,5,0,2,462.3071220563385,186.644
63,5,0,3,457.23627235380917,244.966
63,5,0,4,452.51437222401313,303.288
63,5,0,5,448.1409185809595,361.61
63,5,0,6,444.11544632556917,419.932
63,5,0,7,440.43752809648925,478.254
63,5,0,8,437.10677404177056,536.576
63,5,0,9,434.12283161114345,594.898
63,5,0,10,431.485385368593,653.22
63,5,0,11,429.1941568250305,711.542
63,5,0,12,427.2489042908527,769.864
63,5,1,0,688.9551526928487,70.0
63,5,1,1,673.0839223047467,128.322
63,5,1,2,656.7891913106955,186.644
63,5,1,3,640.0685551360352,244.966
63,5,1,4,622.919527394133,303.288
63,5,1,5,605.3395378500554,361.61
63,5,1,6,587.3259302896101,419.932
63,5,1,7,568.8759602892703,478.254
63,5,1,8,549.9867928822604,536.576
63,5,1,9,530.6555001156837,594.898
63,5,1,10,510.87905849336494,653.22
63,5,1,11,490.65434629864836,711.542
63,5,1,12,469.9781407910669,769.864
63,5,2,0,588.9505326937233,70.0
63,5,2,1,571.2319083667585,128.322
63,5,2,2,554.4786117696626,186.644
63,5,2,3,538.6780872118502,244.966
63,5,2,4,523.8186918472692,303.288
63,5,2,5,509.8896488148735,361.61
63,5,2,6,496.8810049366462,419.932
63,5,2,7,484.7835925582461,478.254
63,5,2,8,473.58899516906035,536.576
63,5,2,9,463.28951648357526,594.898
63,5,2,10,453.87815270557155,653.22
63,5,2,11,445.348567731497,711.542
63,5,2,12,437.69507108025755,769.864
63,5,3,0,432.1526755949571,70.0
63,5,3,1,428.77083839107894,128.322
63,5,3,2,425.8198926730325,186.644
63,5,3,3,423.2993569707039,244.966
63,5,3,4,421.20882060666264,303.288
63,5,3,5,419.547943360687,361.61
63,5,3,6,418.31645519240067,419.932
63,5,3,7,417.51415602146096,478.254
63,5,3,8,417.14091556489393,536.576
63,5,3,9,417.19667323126276,594.898
63,5,3,10,417.6814380714804,653.22
63,5,3,11,418.5952887861536,711.542
63,5,3,12,419.93837378948206,769.864
63,5,4,7,169.95529963786288,478.254
63,5,4,8,208.40672446803114,536.576
63,5,4,9,245.90404714782233,594.898
63,5,4,10,282.4681049932209,653.22
63,5,4,11,318.1186363309113,711.542
63,5,4,12,352.87435390816086,769.864
64,5,0,0,353.31648805235125,70.0
64,5,0,1,361.2566354710194,128.322
64,5,0,2,368.7474505149315,186.644
64,5,0,3,375.7902416461888,244.966
64,5,0,4,382.3862344381823,303.288
64,5,0,5,388.53657266262803,361.61
64,5,0,6,394.24231929816693,419.932
64,5,0,7,399.5044574626262,478.254
64,5,0,8,404.32389127088123,536.576
64,5,0,9,408.70144662009733,594.898
64,5,0,10,412.63787190393634,653.22
64,5,0,11,416.1338386572122,711.542
64,5,0,12,419.1899421322752,769.864
64,5,1,6,137.31553303975954,419.932
64,5,1,7,169.65229879672432,478.254
64,5,1,8,202.7776985953757,536.576
64,5,1,9,236.70571559394193,594.898
64,5,1,10,271.451016621912,653.22
64,5,1,11,307.02899460982655,711.542
64,5,1,12,343.4558146405699,769.864
64,5,2,0,213.16048573494112,70.0
64,5,2,1,231.58030143240404,128.322
64,5,2,2,249.45354553245795,186.644
64,5,2,3,266.7844895280383,244.966
64,5,2,4,283.5772329059548,303.288
64,5,2,5,299.8357085219285,361.61
64,5,2,6,315.56368767790445,419.932
64,5,2,7,330.76478491825776,478.254
64,5,2,8,345.44246256020057,536.576
64,5,2,9,359.60003497271066,594.898
64,5,2,10,373.2406726171663,653.22
64,5,2,11,386.36740586198056,711.542
64,5,2,12,398.983128582636,769.864
64,5,3,0,496.197650379431,70.0
64,5,3,1,488.0836622703592,128.322
64,5,3,2,480.43494728633533,186.644
64,5,3,3,473.25007412871673,244.966
64,5,3,4,466.5277036401691,303.288
64,5,3,5,460.2665875314988,361.61
64,5,3,6,454.4655672021114,419.932
64,5,3,7,449.1235726515012,478.254
64,5,3,8,444.23962147931513,536.576
64,5,3,9,439.8128179717973,594.898
64,5,3,10,435.8423522726006,653.22
64,5,3,11,432.3274996361717,711.542
64,5,3,12,429.26761976207774,769.864
64,5,4,0,482.6322385064134,70.0
64,5,4,1,471.6769400386862,128.322
64,5,4,2,461.78756828189836,186.644
64,5,4,3,452.9545748269029,244.966
64,5,4,4,445.16952744001657,303.288
64,5,4,5,438.42506855886904,361.61
64,5,4,6,432.7148796692455,419.932
64,5,4,7,428.03365115069096,478.254
64,5,4,8,424.377057248758,536.576
64,5,4,9,421.7417358947041,594.898
64,5,4,10,420.12527315071833,653.22
64,5,4,11,419.5261921116069,711.542
64,5,4,12,419.94394614333055,769.864
65,5,0,5,151.44574020515896,361.61
65,5,0,6,184.08930061595706,419.932
65,5,0,7,216.02349570605733,478.254
65,5,0,8,247.25906466294148,536.576
65,5,0,9,277.80630300795224,594.898
65,5,0,10,307.6750846217499,653.22
65,5,0,11,336.8748822963574,711.542
65,5,0,12,365.4147869305816,769.864
65,5,1,0,534.1636505216002,70.0
65,5,1,1,528.7340493474296,128.322
65,5,1,2,522.9504999462681,186.644
65,5,1,3,516.8123683527137,244.966
65,5,1,4,510.3189800764974,303.288
65,5,1,5,503.46961972641395,361.61
65,5,1,6,496.26353060977016,419.932
65,5,1,7,488.6999143067447,478.254
65,5,1,8,480.77793021914965,536.576
65,5,1,9,472.49669509294046,594.898
65,5,1,10,463.8552825138754,653.22
65,5,1,11,454.85272237558155,711.542
65,5,1,12,445.48800031935593,769.864
65,5,2,0,481.8963131161357,70.0
65,5,2,1,481.8094818782951,128.322
65,5,2,2,481.1182600157708,186.644
65,5,2,3,479.8224247713854,244.966
65,5,2,4,477.92155824664593,303.288
65,5,2,5,475.41504672718014,361.61
65,5,2,6,472.3020796902262,419.932
65,5,2,7,468.5816484904061,478.254
65,5,2,8,464.25254471879964,536.576
65,5,2,9,459.31335822907266,594.898
65,5,2,10,453.7624748230708,653.22
65,5,2,11,447.5980735869677,711.542
65,5,2,12,440.8181238675961,769.864
65,5,3,0,826.8127492255205,70.0
65,5,3,1,792.0578844291147,128.322
65,5,3,2,758.3404356124925,186.644
65,5,3,3,725.6369546514309,244.966
65,5,3,4,693.9253690198909,303.288
65,5,3,5,663.1848834023958,361.61
65,5,3,6,633.3958906416461,419.932
65,5,3,7,604.5398909747499,478.254
65,5,3,8,576.5994186484081,536.576
65,5,3,9,549.557975120149,594.898
65,5,3,10,523.3999681525089,653.22
65,5,3,11,498.11065619267595,711.542
65,5,3,12,473.67609750379177,769.864
65,5,4,6,150.82927462404254,419.932
65,5,4,7,193.7863097737602,478.254
65,5,4,8,233.78570822510974,536.576
65,5,4,9,271.02359328429816,594.898
65,5,4,10,305.66723728698537,653.22
65,5,4,11,337.8603239932344,711.542
65,5,4,12,367.727001811881,769.864
66,5,0,0,640.8209426174203,70.0
66,5,0,1,621.9180965647978,128.322
66,5,0,2,603.5775571162214,186.644
66,5,0,3,585.7947079278109,244.966
66,5,0,4,568.5651211565507,303.288
66,5,0,5,551.884551320088,361.61
66,5,0,6,535.7489295041116,419.932
66,5,0,7,520.1543578972669,478.254
66,5,0,8,505.0971046350356,536.576
66,5,0,9,490.5735989354366,594.898
66,5,0,10,476.58042651061965,653.22
66,5,0,11,463.11432523962884,711.542
66,5,0,12,450.1721810886746,769.864
66,5,1,0,273.9151722143297,70.0
66,5,1,1,280.6999628251699,128.322
66,5,1,2,288.05999855147314,186.644
66,5,1,3,295.9974016627099,244.966
66,5,1,4,304.51447263022146,303.288
66,5,1,5,313.6136935430525,361.61
66,5,1,6,323.29773182677786,419.932
66,5,1,7,333.56944427871673,478.254
66,5,1,8,344.43188143420855,536.576
66,5,1,9,355.8882922800158,594.898
66,5,1,10,367.9421293325187,653.22
66,5,1,11,380.5970540999872,711.542
66,5,1,12,393.85694294999263,769.864
66,5,2,0,346.9399380686222,70.0
66,5,2,1,357.7512912841735,128.322
66,5,2,2,367.7312180344529,186.644
66,5,2,3,376.88558865260586,244.966
66,5,2,4,385.2197393607113,303.288
66,5,2,5,392.7384883337114,361.61
66,5,2,6,399.44615000942,419.932
66,5,2,7,405.34654774641484,478.254
66,5,2,8,410.44302491836294,536.576
66,5,2,9,414.738454521264,594.898
66,5,2,10,418.23524735892687,653.22
66,5,2,11,420.93535886171605,711.542
66,5,2,12,422.84029458391825,769.864
66,5,3,5,146.09511848871568,361.61
66,5,3,6,174.32255995289282,419.932
66,5,3,7,203.07941960969322,478.254
66,5,3,8,232.37147861038227,536.576
66,5,3,9,262.20471256929847,594.898
66,5,3,10,292.5852992992868,653.22
66,5,3,11,323.5196269803914,711.542
66,5,3,12,355.01430279116556,769.864
66,5,4,0,646.7449092080419,70.0
66,5,4,1,640.608519722013,128.322
66,5,4,2,633.0934790744595,186.644
66,5,4,3,624.1872792655201,244.966
66,5,4,4,613.8749000433627,303.288
66,5,4,5,602.1386781051466,361.61
66,5,4,6,588.9581493437461,419.932
66,5,4,7,574.3098607173938,478.254
66,5,4,8,558.1671475012604,536.576
66,5,4,9,540.4998706818194,594.898
66,5,4,10,521.2741080230338,653.22
66,5,4,11,500.4517907970718,711.542
66,5,4,12,477.9902762370256,769.864
67,5,0,0,462.68058695649927,70.0
67,5,0,1,462.74973095307547,128.322
67,5,0,2,462.39551344440184,186.644
67,5,0,3,461.6178784286656,244.966
67,5,0,4,460.4167029270743,303.288
67,5,0,5,458.7917968865656,361.61
67,5,0,6,456.74290302933883,419.932
67,5,0,7,454.26969664893136,478.254
67,5,0,8,451.3717853524457,536.576
67,5,0,9,448.048708748463,594.898
67,5,0,10,444.29993808005867,653.22
67,5,0,11,440.12487580223467,711.542
67,5,0,12,435.52285510297827,769.864
67,5,1,0,685.5824067024532,70.0
67,5,1,1,651.0048968500246,128.322
67,5,1,2,619.3571951148431,186.644
67,5,1,3,590.4650568464667,244.966
67,5,1,4,564.181294035189,303.288
67,5,1,5,540.3809920042762,361.61
67,5,1,6,518.9578395779272,419.932
67,5,1,7,499.82127962333107,478.254
67,5,1,8,482.894275379048,536.576
67,5,1,9,468.1115472254981,594.898
67,5,1,10,455.4181750921494,653.22
67,5,1,11,444.7684900162206,711.542
67,5,1,12,436.1251985530658,769.864
67,5,2,0,323.48964689790023,70.0
67,5,2,1,333.39232838420867,128.322
67,5,2,2,342.86726495018877,186.644
67,5,2,3,351.9159411302436,244.966
67,5,2,4,360.53976826571693,303.288
67,5,2,5,368.740085640271,361.61
67,5,2,6,376.5181615497313,419.932
67,5,2,7,383.87519430844316,478.254
67,5,2,8,390.8123131940494,536.576
67,5,2,9,397.33057933246675,594.898
67,5,2,10,403.43098652471105,653.22
67,5,2,11,409.11446201710686,711.542
67,5,2,12,414.3818672162845,769.864
67,5,3,6,169.03852847078804,419.932
67,5,3,7,203.51768799860733,478.254
67,5,3,8,237.08890472761726,536.576
67,5,3,9,269.7701511546493,594.898
67,5,3,10,301.57847044590966,653.22
67,5,3,11,332.53003510207884,711.542
67,5,3,12,362.6402006971261,769.864
67,5,4,8,149.44855325078984,536.576
67,5,4,9,209.18923417194557,594.898
67,5,4,10,261.8999811885585,653.22
67,5,4,11,308.6556553063513,711.542
67,5,4,12,350.2325857345519,769.864
68,5,0,0,750.9907936193886,70.0
68,5,0,1,721.2860618171912,128.322
68,5,0,2,692.664904951662,186.644
68,5,0,3,665.1039487731141,244.966
68,5,0,4,638.5813161889548,303.288
68,5,0,5,613.0765191345158,361.61
68,5,0,6,588.5703612149289,419.932
68,5,0,7,565.0448498756255,478.254
68,5,0,8,542.4831170279655,536.576
68,5,0,9,520.8693471995034,594.898
68,5,0,10,500.18871240012436,653.22
68,5,0,11,480.4273129991266,711.542
68,5,0,12,461.57212399727496,769.864
68,5,1,0,242.58815407667075,70.0
68,5,1,1,248.19292146375804,128.322
68,5,1,2,254.86006888824454,186.644
68,5,1,3,262.5961892426883,244.966
68,5,1,4,271.40900106450965,303.288
68,5,1,5,281.30738797990716,361.61
68,5,1,6,292.3014448732928,419.932
68,5,1,7,304.4025313590238,478.254
68,5,1,8,317.62333324072927,536.576
68,5,1,9,331.977932768282,594.898
68,5,1,10,347.48188864732697,653.22
68,5,1,11,364.15232692545885,711.542
68,5,1,12,382.0080440782624,769.864
68,5,2,0,270.0059906028192,70.0
68,5,2,1,276.7524854835856,128.322
68,5,2,2,284.12015264407887,186.644
68,5,2,3,292.1114700078126,244.966
68,5,2,4,300.72914017156245,303.288
68,5,2,5,309.9760950897057,361.61
68,5,2,6,319.85550120625487,419.932
68,5,2,7,330.3707650561166,478.254
68,5,2,8,341.5255393594266,536.576
68,5,2,9,353.32372963528906,594.898
68,5,2,10,365.76950136397613,653.22
68,5,2,11,378.86728772954206,711.542
68,5,2,12,392.6217979780789,769.864
68,5,3,0,253.99828590671746,70.0
68,5,3,1,262.481505511568,128.322
68,5,3,2,271.49596357626206,186.644
68,5,3,3,281.0438606686495,244.966
68,5,3,4,291.12754085267034,303.288
68,5,3,5,301.74949466688093,361.61
68,5,3,6,312.9123623202039,419.932
68,5,3,7,324.61893711483424,478.254
68,5,3,8,336.8721691070297,536.576
68,5,3,9,349.6751690175232,594.898
68,5,3,10,363.0312124041499,653.22
68,5,3,11,376.943744110489,711.542
68,5,3,12,391.4163830053192,769.864
68,5,4,0,633.683784644328,70.0
68,5,4,1,612.9896664545573,128.322
68,5,4,2,593.236945980791,186.644
68,5,4,3,574.4119718872093,244.966
68,5,4,4,556.5019786263513,303.288
68,5,4,5,539.4950376572338,361.61
68,5,4,6,523.3800131101857,419.932
68,5,4,7,508.1465214780111,478.254
68,5,4,8,493.7848949635248,536.576
68,5,4,9,480.2861481574279,594.898
68,5,4,10,467.6419477588514,653.22
68,5,4,11,455.8445850845402,711.542
68,5,4,12,444.8869511422271,769.864
69,5,0,0,548.2042199130609,70.0
69,5,0,1,535.6668961538177,128.322
69,5,0,2,523.7153278958401,186.644
69,5,0,3,512.3460644656041,244.966
69,5,0,4,501.5558484258774,303.288
69,5,0,5,491.34161067949276,361.61
69,5,0,6,481.7004659101999,419.932
69,5,0,7,472.6297083441095,478.254
69,5,0,8,464.1268078166938,536.576
69,5,0,9,456.18940613153035,594.898
69,5,0,10,448.81531369822096,653.22
69,5,0,11,442.00250643796784,711.542
69,5,0,12,435.74912294638614,769.864
69,5,1,0,245.4591195712714,70.0
69,5,1,1,253.99912298566494,128.322
69,5,1,2,263.14972249834784,186.644
69,5,1,3,272.9138691128237,244.966
69,5,1,4,283.29473270880317,303.288
69,5,1,5,294.2957073770144,361.61
69,5,1,6,305.9204171975623,419.932
69,5,1,7,318.1727224856714,478.254
69,5,1,8,331.05672653099964,536.576
69,5,1,9,344.5767828592505,594.898
69,5,1,10,358.7375030476102,653.22
69,5,1,11,373.54376512854924,711.542
69,5,1,12,389.00072261988805,769.864
69,5,2,0,425.97512050583987,70.0
69,5,2,1,429.3657930050142,128.322
69,5,2,2,432.22031915223914,186.644
69,5,2,3,434.53941997510725,244.966
69,5,2,4,436.3236803059356,303.288
69,5,2,5,437.5735495209708,361.61
69,5,2,6,438.28934210714954,419.932
69,5,2,7,438.47123805812004,478.254
69,5,2,8,438.1192831006614,536.576
69,5,2,9,437.23338875218025,594.898
69,5,2,10,435.8133322094391,653.22
69,5,2,11,433.85875606822066,711.542
69,5,2,12,431.3691678730598,769.864
69,5,3,0,191.68769641477752,70.0
69,5,3,1,210.70485192284514,128.322
69,5,3,2,229.32234035734956,186.644
69,5,3,3,247.5425279762078,244.966
69,5,3,4,265.367712488682,303.288
69,5,3,5,282.80012467627483,361.61
69,5,3,6,299.8419299479332,419.932
69,5,3,7,316.4952298323136,478.254
69,5,3,8,332.7620634097307,536.576
69,5,3,9,348.64440868625104,594.898
69,5,3,10,364.1441839122822,653.22
69,5,3,11,379.26324884785964,711.542
69,5,3,12,394.0034059767322,769.864
69,5,4,0,321.391246570314,70.0
69,5,4,1,326.00042426010066,128.322
69,5,4,2,331.0119513299737,186.644
69,5,4,3,336.42653934714383,244.966
69,5,4,4,342.24495899497805,303.288
69,5,4,5,348.4680406278406,361.61
69,5,4,6,355.0966748714793,419.932
69,5,4,7,362.13181327003514,478.254
69,5,4,8,369.5744689807498,536.576
69,5,4,9,377.4257175176002,594.898
69,5,4,10,385.68669754514883,653.22
69,5,4,11,394.35861172399285,711.542
69,5,4,12,403.44272760933757,769.864
70,5,0,8,153.70823728120894,536.576
70,5,0,9,199.62851371550568,594.898
70,5,0,10,244.81438492016747,653.22
70,5,0,11,289.27904224100814,711.542
70,5,0,12,333.03515983226214,769.864
70,5,1,0,572.6141436706496,70.0
70,5,1,1,523.8766560429783,128.322
70,5,1,2,483.8040375850745,186.644
70,5,1,3,450.8964377133169,244.966
70,5,1,4,424.17346721559556,303.288
70,5,1,5,402.967687297135,361.61
70,5,1,6,386.8167323083736,419.932
70,5,1,7,375.4027717772391,478.254
70,5,1,8,368.51719498471004,536.576
70,5,1,9,366.0400865613211,594.898
70,5,1,10,367.92934909089433,653.22
70,5,1,11,374.2170406880179,711.542
70,5,1,12,385.012156696621,769.864
70,5,2,0,304.6314795495811,70.0
70,5,2,1,315.47341859560896,128.322
70,5,2,2,325.9485528608903,186.644
70,5,2,3,336.0580826240295,244.966
70,5,2,4,345.8031613103998,303.288
70,5,2,5,355.1848961758185,361.61
70,5,2,6,364.204348958477,419.932
70,5,2,7,372.8625365000288,478.254
70,5,2,8,381.1604313367144,536.576
70,5,2,9,389.098962261353,594.898
70,5,2,10,396.67901485697865,653.22
70,5,2,11,403.90143200284825,711.542
70,5,2,12,410.76701435351697,769.864
70,5,3,0,764.6426722391357,70.0
70,5,3,1,743.4559733834349,128.322
70,5,3,2,721.8427853711692,186.644
70,5,3,3,699.8000375560723,244.966
70,5,3,4,677.3245678239707,303.288
70,5,3,5,654.4131199460473,361.61
70,5,3,6,631.0623408126504,419.932
70,5,3,7,607.2687775415128,478.254
70,5,3,8,583.0288744537895,536.576
70,5,3,9,558.3389699109644,594.898
70,5,3,10,533.1952930051675,653.22
70,5,3,11,507.5939600950079,711.542
70,5,3,12,481.5309711784416,769.864
70,5,4,0,430.00898124491266,70.0
70,5,4,1,432.2497764418111,128.322
70,5,4,2,434.0870186233805,186.644
70,5,4,3,435.5209712528652,244.966
70,5,4,4,436.55183980185274,303.288
70,5,4,5,437.1797718976256,361.61
70,5,4,6,437.4048574289407,419.932
70,5,4,7,437.22712861038076,478.254
70,5,4,8,436.64656000541356,536.576
70,5,4,9,435.66306850818376,594.898
70,5,4,10,434.2765132840204,653.22
70,5,4,11,432.4866956685362,711.542
70,5,4,12,430.29335902517886,769.864
71,5,0,0,645.511998337397,70.0
71,5,0,1,621.2023410487463,128.322
71,5,0,2,598.3215615397409,186.644
71,5,0,3,576.8348154522193,244.966
71,5,0,4,556.7104059236158,303.288
71,5,0,5,537.9195118464147,361.61
71,5,0,6,520.4359516424545,419.932
71,5,0,7,504.2359775289496,478.254
71,5,0,8,489.2980961190337,536.576
71,5,0,9,475.6029119027621,594.898
71,5,0,10,463.1329907294128,653.22
71,5,0,11,451.87274088519854,711.542
71,5,0,12,441.80830975286,769.864
71,5,1,3,807.6190339384423,244.966
71,5,1,4,769.6933533034355,303.288
71,5,1,5,732.493017553777,361.61
71,5,1,6,696.0059601116884,419.932
71,5,1,7,660.2206044032837,478.254
71,5,1,8,625.1258385872018,536.576
71,5,1,9,590.7109919947277,594.898
71,5,1,10,556.9658131426465,653.22
71,5,1,11,523.8804491932906,711.542
71,5,1,12,491.4454267479493,769.864
71,5,2,0,206.54039490352375,70.0
71,5,2,1,232.92609814178581,128.322
71,5,2,2,257.4546974747868,186.644
71,5,2,3,280.1875218847242,244.966
71,5,2,4,301.1790202920098,303.288
71,5,2,5,320.47753157494765,361.61
71,5,2,6,338.12592878801354,419.932
71,5,2,7,354.16216003430316,478.254
71,5,2,8,368.6197036395535,536.576
71,5,2,9,381.52795158845515,594.898
71,5,2,10,392.912532326158,653.22
71,5,2,11,402.79558178826744,711.542
71,5,2,12,411.19596974772946,769.864
71,5,3,6,178.14646071932447,419.932
71,5,3,7,217.5918523781745,478.254
71,5,3,8,254.14893003663119,536.576
71,5,3,9,287.9988390899704,594.898
71,5,3,10,319.296025612456,653.22
71,5,3,11,348.172991248192,711.542
71,5,3,12,374.7439669270012,769.864
71,5,4,8,144.59501376717566,536.576
71,5,4,9,186.46658155625425,594.898
71,5,4,10,229.70538476561063,653.22
71,5,4,11,274.3590369816185,711.542
71,5,4,12,320.47906008095225,769.864
72,5,0,0,547.6681897900451,70.0
72,5,0,1,545.1350853118107,128.322
72,5,0,2,541.6775962393147,186.644
72,5,0,3,537.2931183666083,244.966
72,5,0,4,531.9783351821718,303.288
72,5,0,5,525.7292052195912,361.61
72,5,0,6,518.5409465078463,419.932
72,5,0,7,510.408017979934,478.254
72,5,0,8,501.32409766840993,536.576
72,5,0,9,491.2820574834998,594.898
72,5,0,10,480.27393433292445,653.22
72,5,0,11,468.2908973018582,711.542
72,5,0,12,455.32321056563353,769.864
72,5,1,0,666.7756112088946,70.0
72,5,1,1,644.6284488859885,128.322
72,5,1,2,623.2777082610021,186.644
72,5,1,3,602.7129933698985,244.966
72,5,1,4,582.9244613756262,303.288
72,5,1,5,563.9027955178528,361.61
72,5,1,6,545.6391801419653,419.932
72,5,1,7,528.1252776345516,478.254
72,5,1,8,511.35320711036735,536.576
72,5,1,9,495.31552471154026,594.898
72,5,1,10,480.0052053937842,653.22
72,5,1,11,465.41562608685854,711.542
72,5,1,12,451.54055012767384,769.864
72,5,2,4,840.1865647583588,303.288
72,5,2,5,795.7000766773099,361.61
72,5,2,6,752.0089504901978,419.932
72,5,2,7,709.0978717656665,478.254
72,5,2,8,666.9521798686983,536.576
72,5,2,9,625.5578311572145,594.898
72,5,2,10,584.9013648536193,653.22
72,5,2,11,544.9698713576979,711.542
72,5,2,12,505.7509627910232,769.864
72,5,3,0,266.0942614950949,70.0
72,5,3,1,266.16346382645474,128.322
72,5,3,2,267.8614402904873,186.644
72,5,3,3,271.1921716993016,244.966
72,5,3,4,276.1635045622635,303.288
72,5,3,5,282.7872441817545,361.61
72,5,3,6,291.0792965935158,419.932
72,5,3,7,301.05986339020734,478.254
72,5,3,8,312.7536951153668,536.576
72,5,3,9,326.1904108690599,594.898
72,5,3,10,341.40489414805336,653.22
72,5,3,11,358.43777791294536,711.542
72,5,3,12,377.3360356491301,769.864
72,5,4,6,152.31516265730423,419.932
72,5,4,7,189.22042695610747,478.254
72,5,4,8,225.10359244803624,536.576
72,5,4,9,259.98809523893374,594.898
72,5,4,10,293.89603713407115,653.22
72,5,4,11,326.84828038578246,711.542
72,5,4,12,358.864533605819,769.864
73,5,0,6,158.5133034433811,419.932
73,5,0,7,193.5013969910891,478.254
73,5,0,8,227.81624778948404,536.576
73,5,0,9,261.467894507368,594.898
73,5,0,10,294.46598887161565,653.22
73,5,0,11,326.8198141294505,711.542
73,5,0,12,358.5383023391153,769.864
73,5,1,0,696.97828978694,70.0
73,5,1,1,682.416757335192,128.322
73,5,1,2,667.1641424444558,186.644
73,5,1,3,651.2143784041084,244.966
73,5,1,4,634.5610450102404,303.288
73,5,1,5,617.1973544365742,361.61
73,5,1,6,599.1161360008855,419.932
73,5,1,7,580.3098197405186,478.254
73,5,1,8,560.770418701435,536.576
73,5,1,9,540.4895098350232,594.898
73,5,1,10,519.4582133854979,653.22
73,5,1,11,497.6671706378816,711.542
73,5,1,12,475.1065198821761,769.864
73,5,2,0,414.2250817979759,70.0
73,5,2,1,417.9544341807729,128.322
73,5,2,2,421.22250031105864,186.644
73,5,2,3,424.0298908004316,244.966
73,5,2,4,426.37712932668956,303.288
73,5,2,5,428.26465312386665,361.61
73,5,2,6,429.6928133904385,419.932
73,5,2,7,430.6618756165791,478.254
73,5,2,8,431.1720198311788,536.576
73,5,2,9,431.2233407691743,594.898
73,5,2,10,430.81584795953546,653.22
73,5,2,11,429.9494657341175,711.542
73,5,2,12,428.6240331573812,769.864
73,5,3,7,157.1285210225696,478.254
73,5,3,8,196.92710299967325,536.576
73,5,3,9,235.92768186616578,594.898
73,5,3,10,274.1451129547596,653.22
73,5,3,11,311.59359769199864,711.542
73,5,3,12,348.286720585013,769.864
73,5,4,0,394.51933095646484,70.0
73,5,4,1,399.0956397041933,128.322
73,5,4,2,403.29382622273306,186.644
73,5,4,3,407.11441645989765,244.966
73,5,4,4,410.5578882108491,303.288
73,5,4,5,413.62467141861737,361.61
73,5,4,6,416.3151484437909,419.932
73,5,4,7,418.62965430378557,478.254
73,5,4,8,420.5684768820519,536.576
73,5,4,9,422.13185710752305,594.898
73,5,4,10,423.31998910453774,653.22
73,5,4,11,424.1330203135078,711.542
73,5,4,12,424.57105158246515,769.864
74,5,0,0,399.6136389517189,70.0
74,5,0,1,394.9989360746418,128.322
74,5,0,2,391.3552066442644,186.644
74,5,0,3,388.6794415567259,244.966
74,5,0,4,386.9694389986604,303.288
74,5,0,5,386.22379535355105,361.61
74,5,0,6,386.44189942868695,419.932
74,5,0,7,387.62392994717874,478.254
74,5,0,8,389.7708562809658,536.576
74,5,0,9,392.88444243185774,594.898
74,5,0,10,396.9672542988207,653.22
74,5,0,11,402.022670301616,711.542
74,5,0,12,408.05489546396615,769.864
74,5,1,5,151.6569330274989,361.61
74,5,1,6,184.45122641639793,419.932
74,5,1,7,216.4903052799816,478.254
74,5,1,8,247.78635119992487,536.576
74,5,1,9,278.3510115750268,594.898
74,5,1,10,308.19542777810295,653.22
74,5,1,11,337.3302613157156,711.542
74,5,1,12,365.7657181584244,769.864
74,5,2,5,147.31506830017662,361.61
74,5,2,6,184.09035460643594,419.932
74,5,2,7,219.1410968135608,478.254
74,5,2,8,252.53231228110855,536.576
74,5,2,9,284.3229330729558,594.898
74,5,2,10,314.5664998492664,653.22
74,5,2,11,343.3117525311471,711.542
74,5,2,12,370.60313569511703,769.864
74,5,3,0,605.9436293705548,70.0
74,5,3,1,589.0125241253829,128.322
74,5,3,2,572.7215112831527,186.644
74,5,3,3,557.0651758788181,244.966
74,5,3,4,542.0383713184181,303.288
74,5,3,5,527.6362101573116,361.61
74,5,3,6,513.8540554880842,419.932
74,5,3,7,500.6875129002174,478.254
74,5,3,8,488.1324229768122,536.576
74,5,3,9,476.1848542966327,594.898
74,5,3,10,464.8410969124105,653.22
74,5,3,11,454.09765627883365,711.542
74,5,3,12,443.95124760589096,769.864
74,5,4,0,660.6070221396335,70.0
74,5,4,1,631.9914439286435,128.322
74,5,4,2,605.418709801016,186.644
74,5,4,3,580.81087951749,244.966
74,5,4,4,558.0992764801441,303.288
74,5,4,5,537.2233303315722,361.61
74,5,4,6,518.1296229428065,419.932
74,5,4,7,500.77109802592366,478.254
74,5,4,8,485.10640378273024,536.576
74,5,4,9,471.09934485597336,594.898
74,5,4,10,458.71842503512283,653.22
74,5,4,11,447.9364661394405,711.542
74,5,4,12,438.7302915788121,769.864
75,6,0,0,174.9701163216391,70.0
75,6,0,1,178.99646723336735,128.322
75,6,0,2,184.92775667567895,186.644
75,6,0,3,192.78297082563512,244.966
75,6,0,4,202.58764518525732,303.288
75,6,0,5,214.37429130249615,361.61
75,6,0,6,228.18295806453386,419.932
75,6,0,7,244.06195111531466,478.254
75,6,0,8,262.0687422209621,536.576
75,6,0,9,282.271111344569,594.898
75,6,0,10,304.74857897782056,653.22
75,6,0,11,329.594206668085,711.542
75,6,0,12,356.9168723452477,769.864
75,6,1,5,138.03806175439163,361.61
75,6,1,6,160.65855849363155,419.932
75,6,1,7,185.20673097652548,478.254
75,6,1,8,211.75347180169769,536.576
75,6,1,9,240.3794171520147,594.898
75,6,1,10,271.1764605566701,653.22
75,6,1,11,304.2496216653408,711.542
75,6,1,12,339.719373981506,769.864
75,6,2,6,802.4890975624414,419.932
75,6,2,7,717.9074362077351,478.254
75,6,2,8,650.4607032800034,536.576
75,6,2,9,594.8988624520987,594.898
75,6,2,10,548.4242043294887,653.22
75,6,2,11,509.3422986097092,711.542
75,6,2,12,476.54306815692746,769.864
75,6,3,2,137.65958812263105,186.644
75,6,3,3,170.6425574079713,244.966
75,6,3,4,201.7466112806093,303.288
75,6,3,5,231.04426899465602,361.61
75,6,3,6,258.6004615752437,419.932
75,6,3,7,284.4734487682142,478.254
75,6,3,8,308.71558795859903,536.576
75,6,3,9,331.3739825717324,594.898
75,6,3,10,352.49103154000534,653.22
75,6,3,11,372.1048969085135,711.542
75,6,3,12,390.2499031888128,769.864
75,6,4,3,153.49025185206293,244.966
75,6,4,4,186.2024980121488,303.288
75,6,4,5,217.08560091545206,361.61
75,6,4,6,246.20809412606224,419.932
75,6,4,7,273.6315004096507,478.254
75,6,4,8,299.41115803893814,536.576
75,6,4,9,323.5969166755659,594.898
75,6,4,10,346.23372653044987,653.22
75,6,4,11,367.3621395037256,711.542
75,6,4,12,387.0187371779532,769.864
75,6,5,4,150.00817446504198,303.288
75,6,5,5,181.75587784942985,361.61
75,6,5,6,212.41618140038935,419.932
75,6,5,7,242.0135757586894,478.254
75,6,5,8,270.57100960703315,536.576
75,6,5,9,298.11000311054113,594.898
75,6,5,10,324.6507500641283,653.22
75,6,5,11,350.2122100611182,711.542
75,6,5,12,374.812191818177,769.864
76,6,0,0,289.4884079102914,70.0
76,6,0,1,295.4009359941796,128.322
76,6,0,2,301.8560418796064,186.644
76,6,0,3,308.8553864609476,244.966
76,6,0,4,316.4007783347979,303.288
76,6,0,5,324.4941761816581,361.61
76,6,0,6,333.13769136485143,419.932
76,6,0,7,342.3335907548671,478.254
76,6,0,8,352.084299788188,536.576
76,6,0,9,362.39240577046246,594.898
76,6,0,10,373.2606614348923,653.22
76,6,0,11,384.69198876759026,711.542
76,6,0,12,396.6894831128196,769.864
76,6,1,0,826.7301175227526,70.0
76,6,1,1,772.7464388308094,128.322
76,6,1,2,724.2625674124215,186.644
76,6,1,3,680.605660073101,244.966
76,6,1,4,641.2610468166304,303.288
76,6,1,5,605.8259873569061,361.61
76,6,1,6,573.9797290609363,419.932
76,6,1,7,545.4633593225378,478.254
76,6,1,8,520.0658155107906,536.576
76,6,1,9,497.6139170130711,594.898
76,6,1,10,477.9651128065046,653.22
76,6,1,11,461.00211700813736,711.542
76,6,1,12,446.62889278499046,769.864
76,6,2,0,492.1446113908536,70.0
76,6,2,1,484.3332124035618,128.322
76,6,2,2,476.984401296465,186.644
76,6,2,3,470.09681676793446,244.966
76,6,2,4,463.6691877995589,303.288
76,6,2,5,457.7003324615899,361.61
76,6,2,6,452.18915680862756,419.932
76,6,2,7,447.13465386304983,478.254
76,6,2,8,442.5359026839937,536.576
76,6,2,9,438.3920675198356,594.898
76,6,2,10,434.7023970423343,653.22
76,6,2,11,431.46622366078964,711.542
76,6,2,12,428.68296291474365,769.864
76,6,3,2,832.7361685319836,186.644
76,6,3,3,781.4676870375367,244.966
76,6,3,4,734.2419400372225,303.288
76,6,3,5,690.6852784956595,361.61
76,6,3,6,650.4929323818035,419.932
76,6,3,7,613.4129746366893,478.254
76,6,3,8,579.2348623726984,536.576
76,6,3,9,547.7810552305499,594.898
76,6,3,10,518.9007606357299,653.22
76,6,3,11,492.465185261974,711.542
76,6,3,12,468.3638763370909,769.864
76,6,4,7,166.80496998493578,478.254
76,6,4,8,198.3939595691815,536.576
76,6,4,9,231.36143618935165,594.898
76,6,4,10,265.7505938818379,653.22
76,6,4,11,301.6084351407046,711.542
76,6,4,12,338.98620392857,769.864
76,6,5,2,831.303505856441,186.644
76,6,5,3,794.4731715392527,244.966
76,6,5,4,758.2615300746854,303.288
76,6,5,5,722.6598815794382,361.61
76,6,5,6,687.659831029225,419.932
76,6,5,7,653.2532747710395,478.254
76,6,5,8,619.4323878232665,536.576
76,6,5,9,586.1896119085704,594.898
76,6,5,10,553.5176441689149,653.22
76,6,5,11,521.4094265162232,711.542
76,6,5,12,489.85813557591285,769.864
77,6,0,0,269.09650095284917,70.0
77,6,0,1,283.1514435860556,128.322
77,6,0,2,296.72814742679407,186.644
77,6,0,3,309.8291964134704,244.966
77,6,0,4,322.45706633785926,303.288
77,6,0,5,334.6141273349384,361.61
77,6,0,6,346.30264624059384,419.932
77,6,0,7,357.52478882294383,478.254
77,6,0,8,368.2826218926693,536.576
77,6,0,9,378.5781152973709,594.898
77,6,0,10,388.41314380464394,653.22
77,6,0,11,397.7894888782328,711.542
77,6,0,12,406.70884035135253,769.864
77,6,1,0,244.13042136190148,70.0
77,6,1,1,263.6605509994721,128.322
77,6,1,2,282.1005807372578,186.644
77,6,1,3,299.46780450140477,244.966
77,6,1,4,315.77817706134414,303.288
77,6,1,5,331.0463953927308,361.61
77,6,1,6,345.2859713984981,419.932
77,6,1,7,358.50929689664036,478.254
77,6,1,8,370.7277016582918,536.576
77,6,1,9,381.95150517269917,594.898
77,6,1,10,392.19006272363436,653.22
77,6,1,11,401.4518062823083,711.542
77,6,1,12,409.74428065267256,769.864
77,6,2,3,821.4531443913022,244.966
77,6,2,4,776.3463543786424,303.288
77,6,2,5,733.3654161862444,361.61
77,6,2,6,692.4047787837039,419.932
77,6,2,7,653.3702627115581,478.254
77,6,2,8,616.1774917122016,536.576
77,6,2,9,580.7505979872508,594.898
77,6,2,10,547.0211450409287,653.22
77,6,2,11,514.9272251874892,711.542
77,6,2,12,484.4126984973661,769.864
77,6,3,9,144.82823781062092,594.898
77,6,3,10,201.83446296473164,653.22
77,6,3,11,257.5316264996129,711.542
77,6,3,12,311.96232807441766,769.864
77,6,4,0,577.6759910665482,70.0
77,6,4,1,563.46913366755,128.322
77,6,4,2,549.7839706492648,186.644
77,6,4,3,536.6174067766235,244.966
77,6,4,4,523.9664871789005,303.288
77,6,4,5,511.82839381848976,361.61
77,6,4,6,500.20044216314375,419.932
77,6,4,7,489.0800780520417,478.254
77,6,4,8,478.4648747466847,536.576
77,6,4,9,468.3525301583456,594.898
77,6,4,10,458.74086424433125,653.22
77,6,4,11,449.62781656592983,711.542
77,6,4,12,441.01144400142744,769.864
77,6,5,0,402.2152563780458,70.0
77,6,5,1,407.01690403889893,128.322
77,6,5,2,411.32229945379464,186.644
77,6,5,3,415.1323709830269,244.966
77,6,5,4,418.4479382510748,303.288
77,6,5,5,421.2697130334178,361.61
77,6,5,6,423.59830002404044,419.932
77,6,5,7,425.4341974855265,478.254
77,6,5,8,426.7777977834212,536.576
77,6,5,9,427.62938780617003,594.898
77,6,5,10,427.98914927170176,653.22
77,6,5,11,427.85715892141474,711.542
77,6,5,12,427.2333886020521,769.864
78,6,0,10,179.1867200518095,653.22
78,6,0,11,245.18089831584058,711.542
78,6,0,12,306.52756271349483,769.864
78,6,1,0,467.3624423380508,70.0
78,6,1,1,451.25110321885074,128.322
78,6,1,2,437.2476076537104,186.644
78,6,1,3,425.30128898379263,244.966
78,6,1,4,415.3702011378798,303.288
78,6,1,5,407.4203388381251,361.61
78,6,1,6,401.4250307254431,419.932
78,6,1,7,397.3644790543308,478.254
78,6,1,8,395.2254268568643,536.576
78,6,1,9,395.000939253728,594.898
78,6,1,10,396.69029038685426,653.22
78,6,1,11,400.29895163767264,711.542
78,6,1,12,405.83868068199297,769.864
78,6,2,0,222.83711883710777,70.0
78,6,2,1,240.89761933144595,128.322
78,6,2,2,258.3595557287281,186.644
78,6,2,3,275.22794969192546,244.966
78,6,2,4,291.50759898849105,303.288
78,6,2,5,307.2030850189651,361.61
78,6,2,6,322.3187798877991,419.932
78,6,2,7,336.8588530439169,478.254
78,6,2,8,350.82727751631944,536.576
78,6,2,9,364.22783576805995,594.898
78,6,2,10,377.06412519006346,653.22
78,6,2,11,389.3395632545924,711.542
78,6,2,12,401.0573923465947,769.864
78,6,3,0,348.70764057096835,70.0
78,6,3,1,346.05580086805435,128.322
78,6,3,2,344.6108767528176,186.644
78,6,3,3,344.3710154856534,244.966
78,6,3,4,345.3359098740834,303.288
78,6,3,5,347.50679630250613,361.61
78,6,3,6,350.886462668846,419.932
78,6,3,7,355.47926634730896,478.254
78,6,3,8,361.2911624484591,536.576
78,6,3,9,368.3297428072399,594.898
78,6,3,10,376.60428630087597,653.22
78,6,3,11,386.1258212868309,711.542
78,6,3,12,396.90720116191625,769.864
78,6,4,6,160.76822928741558,419.932
78,6,4,7,190.809186470645,478.254
78,6,4,8,221.4862887133969,536.576
78,6,4,9,252.80823001778424,594.898
78,6,4,10,284.7840513818096,653.22
78,6,4,11,317.4231577525942,711.542
78,6,4,12,350.7353361311584,769.864
78,6,5,0,743.6001625721426,70.0
78,6,5,1,705.3100066838817,128.322
78,6,5,2,669.9151988152078,186.644
78,6,5,3,637.2361924050826,244.966
78,6,5,4,607.1201856882957,303.288
78,6,5,5,579.436363236274,361.61
78,6,5,6,554.0722245218283,419.932
78,6,5,7,530.9307146509342,478.254
78,6,5,8,509.9279573870124,536.576
78,6,5,9,490.9914476697449,594.898
78,6,5,10,474.05859997643097,653.22
78,6,5,11,459.0755762413342,711.542
78,6,5,12,445.99633652459283,769.864
79,6,0,0,490.06103531837255,70.0
79,6,0,1,488.3393514081844,128.322
79,6,0,2,486.1735258789498,186.644
79,6,0,3,483.56318210922274,244.966
79,6,0,4,480.5078656129082,303.288
79,6,0,5,477.00704364245814,361.61
79,6,0,6,473.0601047226244,419.932
79,6,0,7,468.6663581137541,478.254
79,6,0,8,463.8250332035671,536.576
79,6,0,9,458.5352788261369,594.898
79,6,0,10,452.79616250667806,653.22
79,6,0,11,446.606669630524,711.542
79,6,0,12,439.9657025346068,769.864
79,6,1,7,152.441479252616,478.254
79,6,1,8,195.12098612157274,536.576
79,6,1,9,236.20903253056844,594.898
79,6,1,10,275.7646948151357,653.22
79,6,1,11,313.84211400176207,711.542
79,6,1,12,350.49102370996707,769.864
79,6,2,2,823.3241297093484,186.644
79,6,2,3,786.6173590324586,244.966
79,6,2,4,750.6345366614285,303.288
79,6,2,5,715.3638120294895,361.61
79,6,2,6,680.7938188239962,419.932
79,6,2,7,646.9136501146397,478.254
79,6,2,8,613.7128351667607,536.576
79,6,2,9,581.1813178033672,594.898
79,6,2,10,549.3094361923772,653.22
79,6,2,11,518.0879039471557,711.542
79,6,2,12,487.5077924387226,769.864
79,6,3,0,510.0334843248987,70.0
79,6,3,1,474.83941015465706,128.322
79,6,3,2,445.28769354902107,186.644
79,6,3,3,420.7854762387387,244.966
79,6,3,4,400.90301891281297,303.288
79,6,3,5,385.32695699122155,361.61
79,6,3,6,373.8314145084879,419.932
79,6,3,7,366.25977004023815,478.254
79,6,3,8,362.5132381098491,536.576
79,6,3,9,362.5441688811384,594.898
79,6,3,10,366.35295247954963,653.22
79,6,3,11,373.98804398068785,711.542
79,6,3,12,385.5491128936053,769.864
79,6,4,1,145.29243436130173,128.322
79,6,4,2,158.30928180503008,186.644
79,6,4,3,172.58534714728373,244.966
79,6,4,4,188.1397570313501,303.288
79,6,4,5,204.99379453227579,361.61
79,6,4,6,223.17105798664602,419.932
79,6,4,7,242.69764357646278,478.254
79,6,4,8,263.60235525244275,536.576
79,6,4,9,285.91694632180486,594.898
79,6,4,10,309.6763979376949,653.22
79,6,4,11,334.9192408600998,711.542
79,6,4,12,361.6879282751018,769.864
79,6,5,0,539.784722327654,70.0
79,6,5,1,536.1777540896883,128.322
79,6,5,2,531.8863585411837,186.644
79,6,5,3,526.9087675490068,244.966
79,6,5,4,521.2429226165636,303.288
79,6,5,5,514.8864705840409,361.61
79,6,5,6,507.8367586782718,419.932
79,6,5,7,500.0908288876182,478.254
79,6,5,8,491.6454116335757,536.576
79,6,5,9,482.49691870692357,594.898
79,6,5,10,472.64143543197576,653.22
79,6,5,11,462.0747120179423,711.542
79,6,5,12,450.7921540514368,769.864
80,6,0,3,153.89592749629378,244.966
80,6,0,4,175.37722811252766,303.288
80,6,0,5,197.39332536709588,361.61
80,6,0,6,219.94912494348222,419.932
80,6,0,7,243.04971521078352,478.254
80,6,0,8,266.70037396152236,536.576
80,6,0,9,290.90657553378423,594.898
80,6,0,10,315.67399834298396,653.22
80,6,0,11,341.0085328506159,711.542
80,6,0,12,366.91628999962654,769.864
80,6,1,6,137.72409798383032,419.932
80,6,1,7,170.60881228536223,478.254
80,6,1,8,204.12567222032646,536.576
80,6,1,9,238.2836847810889,594.898
80,6,1,10,273.09220619523074,653.22
80,6,1,11,308.5609591134647,711.542
80,6,1,12,344.70005095485,769.864
80,6,2,0,265.44742019421994,70.0
80,6,2,1,279.36829902024647,128.322
80,6,2,2,292.8728125546941,186.644
80,6,2,3,305.9629114198757,244.966
80,6,2,4,318.640474766268,303.288
80,6,2,5,330.9073117078682,361.61
80,6,2,6,342.7651626909502,419.932
80,6,2,7,354.21570079875505,478.254
80,6,2,8,365.26053299453633,536.576
80,6,2,9,375.90120130518585,594.898
80,6,2,10,386.13918394761083,653.22
80,6,2,11,395.9758963997981,711.542
80,6,2,12,405.4126924185338,769.864
80,6,3,0,325.1052329213961,70.0
80,6,3,1,341.85990588552585,128.322
80,6,3,2,357.04607176761,186.644
80,6,3,3,370.6940044066092,244.966
80,6,3,4,382.8302495133521,303.288
80,6,3,5,393.4779014868919,361.61
80,6,3,6,402.6568359334799,419.932
80,6,3,7,410.38390364624865,478.254
80,6,3,8,416.67309065631747,536.576
80,6,3,9,421.5356480240003,594.898
80,6,3,10,424.9801942530929,653.22
80,6,3,11,427.012792543818,711.542
80,6,3,12,427.63700452048573,769.864
80,6,4,0,242.3990983467586,70.0
80,6,4,1,249.6122845126979,128.322
80,6,4,2,257.65916407545535,186.644
80,6,4,3,266.5446064851211,244.966
80,6,4,4,276.27403280211206,303.288
80,6,4,5,286.8534327482596,361.61
80,6,4,6,298.2893838255163,419.932
80,6,4,7,310.5890726496616,478.254
80,6,4,8,323.7603186669546,536.576
80,6,4,9,337.8116004448091,594.898
80,6,4,10,352.75208475346994,653.22
80,6,4,11,368.5916586850424,711.542
80,6,4,12,385.34096508946857,769.864
80,6,5,0,393.4736073990143,70.0
80,6,5,1,392.96999269087326,128.322
80,6,5,2,392.8738282062296,186.644
80,6,5,3,393.1850998646904,244.966
80,6,5,4,393.9038532449583,303.288
80,6,5,5,395.0301936181969,361.61
80,6,5,6,396.5642860251633,419.932
80,6,5,7,398.5063553971925,478.254
80,6,5,8,400.8566867212909,536.576
80,6,5,9,403.6156252495778,594.898
80,6,5,10,406.78357675345853,653.22
80,6,5,11,410.3610078229597,711.542
80,6,5,12,414.3484462117537,769.864
81,6,0,6,142.27860533122703,419.932
81,6,0,7,179.17826983569833,478.254
81,6,0,8,215.42893944471032,536.576
81,6,0,9,251.04018505685204,594.898
81,6,0,10,286.0212263605126,653.22
81,6,0,11,320.38094809981305,711.542
81,6,0,12,354.1279153465657,769.864
81,6,1,8,764.2962156902681,536.576
81,6,1,9,669.5229259695125,594.898
81,6,1,10,598.3423880702685,653.22
81,6,1,11,541.839805371608,711.542
81,6,1,12,495.95932827005726,769.864
81,6,2,4,158.6672535974738,303.288
81,6,2,5,189.64439008947863,361.61
81,6,2,6,219.5147833801808,419.932
81,6,2,7,248.30342348323546,478.254
81,6,2,8,276.03368821424203,536.576
81,6,2,9,302.72746310149535,594.898
81,6,2,10,328.405249149062,653.22
81,6,2,11,353.0862598854387,711.542
81,6,2,12,376.78850893251916,769.864
81,6,3,4,808.8136808993088,303.288
81,6,3,5,767.486008841458,361.61
81,6,3,6,726.9372574984213,419.932
81,6,3,7,687.1530682512534,478.254
81,6,3,8,648.1196942278912,536.576
81,6,3,9,609.8239664688547,594.898
81,6,3,10,572.2532625246185,653.22
81,6,3,11,535.3954772750142,711.542
81,6,3,12,499.23899578212655,769.864
81,6,4,1,163.4244282821128,128.322
81,6,4,2,197.3702539642008,186.644
81,6,4,3,228.59607201657914,244.966
81,6,4,4,257.2516436394518,303.288
81,6,4,5,283.46486465513954,361.61
81,6,4,6,307.34539212720733,419.932
81,6,4,7,328.9874745823082,478.254
81,6,4,8,348.47218395858374,536.576
81,6,4,9,365.8691906963002,594.898
81,6,4,10,381.23818449182625,653.22
81,6,4,11,394.63001603431496,711.542
81,6,4,12,406.08761566892935,769.864
81,6,5,2,138.71995669415926,186.644
81,6,5,3,170.74658694265406,244.966
81,6,5,4,201.08717809849662,303.288
81,6,5,5,229.79956303997318,361.61
81,6,5,6,256.9360587531361,419.932
81,6,5,7,282.5440691489893,478.254
81,6,5,8,306.66659909901836,536.576
81,6,5,9,329.3426947520654,594.898
81,6,5,10,350.60782221967446,653.22
81,6,5,11,370.49419439604105,711.542
81,6,5,12,389.0310538533736,769.864
82,6,0,4,162.30482722277915,303.288
82,6,0,5,192.69766519996693,361.61
82,6,0,6,222.03929873231513,419.932
82,6,0,7,250.35206630606604,478.254
82,6,0,8,277.65692689164064,536.576
82,6,0,9,303.9735573903509,594.898
82,6,0,10,329.3204406529261,653.22
82,6,0,11,353.71494513100936,711.542
82,6,0,12,377.17339708221914,769.864
82,6,1,1,819.7783499821603,128.322
82,6,1,2,792.698275273136,186.644
82,6,1,3,765.1381208858736,244.966
82,6,1,4,737.093262957062,303.288
82,6,1,5,708.5589351421252,361.61
82,6,1,6,679.5302235489942,419.932
82,6,1,7,650.0020614155899,478.254
82,6,1,8,619.9692235154153,536.576
82,6,1,9,589.4263202744867,594.898
82,6,1,10,558.3677915816652,653.22
82,6,1,11,526.7879002729642,711.542
82,6,1,12,494.6807252690781,769.864
82,6,2,10,160.92071967261143,653.22
82,6,2,11,239.19927705277777,711.542
82,6,2,12,306.6360287593503,769.864
82,6,3,10,197.705823215243,653.22
82,6,3,11,257.66915483349953,711.542
82,6,3,12,314.1114243785293,769.864
82,6,4,0,483.0728554855827,70.0
82,6,4,1,476.1191362955354,128.322
82,6,4,2,469.5940336574449,186.644
82,6,4,3,463.49650589206317,244.966
82,6,4,4,457.8255826279137,303.288
82,6,4,5,452.5803640178647,361.61
82,6,4,6,447.76002001613284,419.932
82,6,4,7,443.36378971437574,478.254
82,6,4,8,439.3909807355585,536.576
82,6,4,9,435.840968684536,594.898
82,6,4,10,432.7131966542427,653.22
82,6,4,11,430.00717478665,711.542
82,6,4,12,427.7224798876174,769.864
82,6,5,0,221.79704192943296,70.0
82,6,5,1,232.8737445070214,128.322
82,6,5,2,244.43357140608396,186.644
82,6,5,3,256.4788233700734,244.966
82,6,5,4,269.0119133257209,303.288
82,6,5,5,282.03536893239,361.61
82,6,5,6,295.5518352817456,419.932
82,6,5,7,309.5640777548081,478.254
82,6,5,8,324.0749850440116,536.576
82,6,5,9,339.0875723484187,594.898
82,6,5,10,354.6049847508742,653.22
82,6,5,11,370.6305007865026,711.542
82,6,5,12,387.1675362126679,769.864
83,6,0,0,148.15167650330352,70.0
83,6,0,1,181.49793795468142,128.322
83,6,0,2,212.38785593350687,186.644
83,6,0,3,240.94350139952206,244.966
83,6,0,4,267.2706192614198,303.288
83,6,0,5,291.4611095002063,361.61
83,6,0,6,313.59500640086856,419.932
83,6,0,7,333.7420713019952,478.254
83,6,0,8,351.9630836437683,536.576
83,6,0,9,368.3108934167511,594.898
83,6,0,10,382.83128251856544,653.22
83,6,0,11,395.5636711324844,711.542
83,6,0,12,406.54169679509573,769.864
83,6,1,8,157.07031890661682,536.576
83,6,1,9,202.57826320659933,594.898
83,6,1,10,247.29644068503103,653.22
83,6,1,11,291.24004640659155,711.542
83,6,1,12,334.42363481160515,769.864
83,6,2,2,813.4648701823332,186.644
83,6,2,3,776.01924782471,244.966
83,6,2,4,739.6120745219648,303.288
83,6,2,5,704.219014325161,361.61
83,6,2,6,669.8171328725391,419.932
83,6,2,7,636.3847962696484,478.254
83,6,2,8,603.9015795272945,536.576
83,6,2,9,572.3481834842116,594.898
83,6,2,10,541.7063592816618,653.22
83,6,2,11,511.95883957674675,711.542
83,6,2,12,483.0892757834293,769.864
83,6,3,5,154.37609762714186,361.61
83,6,3,6,180.02297968131438,419.932
83,6,3,7,206.58224495902732,478.254
83,6,3,8,234.07033661278683,536.576
83,6,3,9,262.5046916926277,594.898
83,6,3,10,291.90380994083506,653.22
83,6,3,11,322.287329481013,711.542
83,6,3,12,353.6761102402262,769.864
83,6,4,0,691.8802298011562,70.0
83,6,4,1,676.7413959862206,128.322
83,6,4,2,661.0440389574692,186.644
83,6,4,3,644.7841021977106,244.966
83,6,4,4,627.9573422772212,303.288
83,6,4,5,610.5593227817188,361.61
83,6,4,6,592.5854078621257,419.932
83,6,4,7,574.0307553824503,478.254
83,6,4,8,554.8903096400059,536.576
83,6,4,9,535.1587936301212,594.898
83,6,4,10,514.8307008250124,653.22
83,6,4,11,493.9002864339214,711.542
83,6,4,12,472.36155810875005,769.864
83,6,5,4,144.5480060063612,303.288
83,6,5,5,176.71124372046143,361.61
83,6,5,6,207.81653717708303,419.932
83,6,5,7,237.88726659549343,478.254
83,6,5,8,266.9453839860081,536.576
83,6,5,9,295.01151586695875,594.898
83,6,5,10,322.105056016626,653.22
83,6,5,11,348.24424939305027,711.542
83,6,5,12,373.446268203783,769.864
84,6,0,5,803.4715425024322,361.61
84,6,0,6,756.2610185577014,419.932
84,6,0,7,710.5719034712527,478.254
84,6,0,8,666.3485007842621,536.576
84,6,0,9,623.5394614735742,594.898
84,6,0,10,582.0973394202655,653.22
84,6,0,11,541.97820466723,711.542
84,6,0,12,503.1413055466789,769.864
84,6,1,0,679.8447410384556,70.0
84,6,1,1,665.1940294682724,128.322
84,6,1,2,650.036184101285,186.644
84,6,1,3,634.3679635253737,244.966
84,6,1,4,618.185988085351,303.288
84,6,1,5,601.4867359095344,361.61
84,6,1,6,584.2665387105379,419.932
84,6,1,7,566.5215773476845,478.254
84,6,1,8,548.247877137472,536.576
84,6,1,9,529.4413028974756,594.898
84,6,1,10,510.0975537079734,653.22
84,6,1,11,490.21215737433414,711.542
84,6,1,12,469.7804645718931,769.864
84,6,2,0,176.33349505216972,70.0
84,6,2,1,198.76035721153818,128.322
84,6,2,2,220.40724430792852,186.644
84,6,2,3,241.28423373648582,244.966
84,6,2,4,261.4008806640822,303.288
84,6,2,5,280.7662432269841,361.61
84,6,2,6,299.38890583303987,419.932
84,6,2,7,317.27700072345976,478.254
84,6,2,8,334.43822793360164,536.576
84,6,2,9,350.8798737782826,594.898
84,6,2,10,366.6088279747244,653.22
84,6,2,11,381.63159950522663,711.542
84,6,2,12,395.95433131173843,769.864
84,6,3,0,169.67236130999913,70.0
84,6,3,1,177.88148056890913,128.322
84,6,3,2,187.48157831287284,186.644
84,6,3,3,198.48879419490186,244.966
84,6,3,4,210.9219424610289,303.288
84,6,3,5,224.8026805142147,361.61
84,6,3,6,240.15570896783765,419.932
84,6,3,7,257.0090077413748,478.254
84,6,3,8,275.3941138139263,536.576
84,6,3,9,295.34644756844557,594.898
84,6,3,10,316.90569630817447,653.22
84,6,3,11,340.1162656104619,711.542
84,6,3,12,365.0278118419541,769.864
84,6,4,0,479.6269236707897,70.0
84,6,4,1,472.08778478418014,128.322
84,6,4,2,465.1059429983052,186.644
84,6,4,3,458.6795191136214,244.966
84,6,4,4,452.8067908850882,303.288
84,6,4,5,447.48619067671063,361.61
84,6,4,6,442.716303340519,419.932
84,6,4,7,438.49586431325906,478.254
84,6,4,8,434.82375792470634,536.576
84,6,4,9,431.69901591230354,594.898
84,6,4,10,429.1208161374635,653.22
84,6,4,11,427.088481499528,711.542
84,6,4,12,425.6014790440676,769.864
84,6,5,0,711.1901229175612,70.0
84,6,5,1,694.0001726039632,128.322
84,6,5,2,676.3508847413498,186.644
84,6,5,3,658.2392306071076,244.966
84,6,5,4,639.6620743857418,303.288
84,6,5,5,620.6161701350172,361.61
84,6,5,6,601.0981586009996,419.932
84,6,5,7,581.104563873972,478.254
84,6,5,8,560.6317898766772,536.576
84,6,5,9,539.6761166757819,594.898
84,6,5,10,518.2336966067506,653.22
84,6,5,11,496.3005502017099,711.542
84,6,5,12,473.87256190906214,769.864
85,6,0,0,348.77597292175676,70.0
85,6,0,1,356.48146631692407,128.322
85,6,0,2,363.82371297927057,186.644
85,6,0,3,370.803552105168,244.966
85,6,0,4,377.42177907373116,303.288
85,6,0,5,383.67914590859186,361.61
85,6,0,6,389.5763617124744,419.932
85,6,0,7,395.1140930751344,478.254
85,6,0,8,400.29296445523283,536.576
85,6,0,9,405.1135585366686,594.898
85,6,0,10,409.5764165598436,653.22
85,6,0,11,413.68203862828403,711.542
85,6,0,12,417.4308839910728,769.864
85,6,1,0,555.8578713434517,70.0
85,6,1,1,548.9867301647411,128.322
85,6,1,2,541.7484271281851,186.644
85,6,1,3,534.142112697322,244.966
85,6,1,4,526.1668913167474,303.288
85,6,1,5,517.821820873081,361.61
85,6,1,6,509.1059121247909,419.932
85,6,1,7,500.0181281000842,478.254
85,6,1,8,490.55738346197444,536.576
85,6,1,9,480.7225438395878,594.898
85,6,1,10,470.512425124737,653.22
85,6,1,11,459.92579273268404,711.542
85,6,1,12,448.9613608260117,769.864
85,6,2,3,798.1276254052852,244.966
85,6,2,4,748.0407102652944,303.288
85,6,2,5,702.041366570947,361.61
85,6,2,6,659.7499854041153,419.932
85,6,2,7,620.858052104996,478.254
85,6,2,8,585.1114193512742,536.576
85,6,2,9,552.2984106586678,594.898
85,6,2,10,522.2411548164116,653.22
85,6,2,11,494.7891439522381,711.542
85,6,2,12,469.8143606375051,769.864
85,6,3,5,151.03216055811433,361.61
85,6,3,6,174.99737872897407,419.932
85,6,3,7,200.32270358200694,478.254
85,6,3,8,227.043820193017,536.576
85,6,3,9,255.19974763789122,594.898
85,6,3,10,284.8331907703822,653.22
85,6,3,11,315.9909469214206,711.542
85,6,3,12,348.7243780285256,769.864
85,6,4,0,385.1947077993445,70.0
85,6,4,1,378.10199590238744,128.322
85,6,4,2,372.52087229540257,186.644
85,6,4,3,368.44026976610814,244.966
85,6,4,4,365.8521649234633,303.288
85,6,4,5,364.7514986114186,361.61
85,6,4,6,365.1361262121985,419.932
85,6,4,7,367.0067966927668,478.254
85,6,4,8,370.3671599147888,536.576
85,6,4,9,375.2238023751943,594.898
85,6,4,10,381.58631219813026,653.22
85,6,4,11,389.46737488694407,711.542
85,6,4,12,398.882902096321,769.864
85,6,5,1,834.3639283912362,128.322
85,6,5,2,785.1140414066217,186.644
85,6,5,3,739.6750902966382,244.966
85,6,5,4,697.7159569250202,303.288
85,6,5,5,658.9641820997531,361.61
85,6,5,6,623.1928867760905,419.932
85,6,5,7,590.2112868223146,478.254
85,6,5,8,559.8576660635117,536.576
85,6,5,9,531.9940744056426,594.898
85,6,5,10,506.5022640263001,653.22
85,6,5,11,483.28053210553816,711.542
85,6,5,12,462.2412395006246,769.864
86,6,0,0,455.20646566655216,70.0
86,6,0,1,447.8410305053706,128.322
86,6,0,2,441.27320452634365,186.644
86,6,0,3,435.4993648973791,244.966
86,6,0,4,430.5163448554537,303.288
86,6,0,5,426.3214249037743,361.61
86,6,0,6,422.9123253140725,419.932
86,6,0,7,420.287199885276,478.254
86,6,0,8,418.4446309183833,536.576
86,6,0,9,417.3836253754459,594.898
86,6,0,10,417.103612198288,653.22
86,6,0,11,417.60444077003126,711.542
86,6,0,12,418.8863805097371,769.864
86,6,1,0,627.0093113925025,70.0
86,6,1,1,615.8900754786939,128.322
86,6,1,2,604.2907779758066,186.644
86,6,1,3,592.2091400872241,244.966
86,6,1,4,579.6427728936909,303.288
86,6,1,5,566.5891748612187,361.61
86,6,1,6,553.0457292032063,419.932
86,6,1,7,539.0097010899351,478.254
86,6,1,8,524.4782346981073,536.576
86,6,1,9,509.44835009254825,594.898
86,6,1,10,493.91693993164023,653.22
86,6,1,11,477.88076598739474,711.542
86,6,1,12,461.3364554704539,769.864
86,6,2,0,395.0818915181957,70.0
86,6,2,1,399.4331434104529,128.322
86,6,2,2,403.4347572049435,186.644
86,6,2,3,407.0871618095843,244.966
86,6,2,4,410.39074809056325,303.288
86,6,2,5,413.34586908260854,361.61
86,6,2,6,415.9528401784374,419.932
86,6,2,7,418.21193929767014,478.254
86,6,2,8,420.12340703537814,536.576
86,6,2,9,421.687446790475,594.898
86,6,2,10,422.9042248741041,653.22
86,6,2,11,423.7738705981578,711.542
86,6,2,12,424.2964763440363,769.864
86,6,3,0,188.83784980926458,70.0
86,6,3,1,211.16884706639536,128.322
86,6,3,2,232.5884773280261,186.644
86,6,3,3,253.11036162188407,244.966
86,6,3,4,272.74729659646414,303.288
86,6,3,5,291.5113003276814,361.61
86,6,3,6,309.41365413037136,419.932
86,6,3,7,326.46494074992825,478.254
86,6,3,8,342.6750792657881,536.576
86,6,3,9,358.0533570003354,594.898
86,6,3,10,372.60845869355956,653.22
86,6,3,11,386.34849317450255,711.542
86,6,3,12,399.2810177348327,769.864
86,6,4,4,138.26058251488246,303.288
86,6,4,5,163.83921544215775,361.61
86,6,4,6,189.97637489715225,419.932
86,6,4,7,216.67811450555573,478.254
86,6,4,8,243.95070934100846,536.576
86,6,4,9,271.80066500624866,594.898
86,6,4,10,300.2347272531657,653.22
86,6,4,11,329.25989218002724,711.542
86,6,4,12,358.88341704745847,769.864
86,6,5,4,157.0870356081515,303.288
86,6,5,5,186.56300107978453,361.61
86,6,5,6,215.33008973566422,419.932
86,6,5,7,243.39841058212698,478.254
86,6,5,8,270.7776426235695,536.576
86,6,5,9,297.4770557496552,594.898
86,6,5,10,323.5055302193858,653.22
86,6,5,11,348.87157485235593,711.542
86,6,5,12,373.5833440271506,769.864
87,6,0,0,392.04333997005574,70.0
87,6,0,1,370.08979816941485,128.322
87,6,0,2,352.2004144930213,186.644
87,6,0,3,338.1497306070624,244.966
87,6,0,4,327.7722705822523,303.288
87,6,0,5,320.9518996811455,361.61
87,6,0,6,317.61495517306525,419.932
87,6,0,7,317.7261397862604,478.254
87,6,0,8,321.2866218726175,536.576
87,6,0,9,328.33409759367123,594.898
87,6,0,10,338.9448230096285,653.22
87,6,0,11,353.2378783756384,711.542
87,6,0,12,371.3822444391695,769.864
87,6,1,7,778.0111852437012,478.254
87,6,1,8,714.1003061368785,536.576
87,6,1,9,655.8557116568215,594.898
87,6,1,10,602.5553735423775,653.22
87,6,1,11,553.64263883017,711.542
87,6,1,12,508.6781185168038,769.864
87,6,2,2,815.515707108309,186.644
87,6,2,3,773.4357173823191,244.966
87,6,2,4,733.3776925676539,303.288
87,6,2,5,695.2479982663892,361.61
87,6,2,6,658.9628071039049,419.932
87,6,2,7,624.4468026876011,478.254
87,6,2,8,591.6321020011944,536.576
87,6,2,9,560.457353061676,594.898
87,6,2,10,530.8669744414735,653.22
87,6,2,11,502.8105105655074,711.542
87,6,2,12,476.24208221577936,769.864
87,6,3,4,138.5252744263794,303.288
87,6,3,5,169.50838869211168,361.61
87,6,3,6,199.8577530849091,419.932
87,6,3,7,229.5817164851121,478.254
87,6,3,8,258.68831416984665,536.576
87,6,3,9,287.1852816674178,594.898
87,6,3,10,315.0800677764041,653.22
87,6,3,11,342.3798468089178,711.542
87,6,3,12,369.0915301124535,769.864
87,6,4,3,840.9998665230623,244.966
87,6,4,4,786.6872053175814,303.288
87,6,4,5,736.6052409396698,361.61
87,6,4,6,690.3426030049154,419.932
87,6,4,7,647.5654912285904,478.254
87,6,4,8,607.9990824838758,536.576
87,6,4,9,571.4143741669186,594.898
87,6,4,10,537.6186397136626,653.22
87,6,4,11,506.44835543972187,711.542
87,6,4,12,477.7638617282005,769.864
87,6,5,0,736.2360924231093,70.0
87,6,5,1,706.4653986663805,128.322
87,6,5,2,677.9750430798215,186.644
87,6,5,3,650.732606265346,244.966
87,6,5,4,624.7081049517157,303.288
87,6,5,5,599.8737871523765,361.61
87,6,5,6,576.2039510665517,419.932
87,6,5,7,553.6747845547911,478.254
87,6,5,8,532.2642225175794,536.576
87,6,5,9,511.95181991565727,594.898
87,6,5,10,492.7186385104591,653.22
87,6,5,11,474.5471456859724,711.542
87,6,5,12,457.42112395000123,769.864
88,6,0,0,571.269121885497,70.0
88,6,0,1,563.5880365343571,128.322
88,6,0,2,555.4986529180907,186.644
88,6,0,3,546.9998007163884,244.966
88,6,0,4,538.0902455463602,303.288
88,6,0,5,528.7686880410799,361.61
88,6,0,6,519.0337628730977,419.932
88,6,0,7,508.8840377211258,478.254
88,6,0,8,498.3180121780425,536.576
88,6,0,9,487.33411659818495,594.898
88,6,0,10,475.9307108817978,653.22
88,6,0,11,464.1060831943643,711.542
88,6,0,12,451.85844861837165,769.864
88,6,1,0,198.76240882648244,70.0
88,6,1,1,212.22753815297324,128.322
88,6,1,2,226.063781323162,186.644
88,6,1,3,240.27273636132333,244.966
88,6,1,4,254.8560539019231,303.288
88,6,1,5,269.8154382201678,361.61
88,6,1,6,285.15264830617923,419.932
88,6,1,7,300.8694989844585,478.254
88,6,1,8,316.9678620804136,536.576
88,6,1,9,333.44966763584785,594.898
88,6,1,10,350.31690517537737,653.22
88,6,1,11,367.57162502585834,711.542
88,6,1,12,385.2159396910549,769.864
88,6,2,0,712.1742252149022,70.0
88,6,2,1,699.4369911206031,128.322
88,6,2,2,685.6121458473929,186.644
88,6,2,3,670.6858574586649,244.966
88,6,2,4,654.642927319095,303.288
88,6,2,5,637.4667062447841,361.61
88,6,2,6,619.138999858111,419.932
88,6,2,7,599.6399617907518,478.254
88,6,2,8,578.9479731418005,536.576
88,6,2,9,557.0395063157757,594.898
88,6,2,10,533.8889710266764,653.22
88,6,2,11,509.46853984589694,711.542
88,6,2,12,483.74795017643584,769.864
88,6,3,0,663.8515627671111,70.0
88,6,3,1,649.6203770528759,128.322
88,6,3,2,634.9845379637281,186.644
88,6,3,3,619.942047172819,244.966
88,6,3,4,604.4908370947205,303.288
88,6,3,5,588.6287693459915,361.61
88,6,3,6,572.3536331357179,419.932
88,6,3,7,555.6631435830242,478.254
88,6,3,8,538.5549399583085,536.576
88,6,3,9,521.0265838448097,594.898
88,6,3,10,503.07555721686157,653.22
88,6,3,11,484.69926043104334,711.542
88,6,3,12,465.8950101261043,769.864
88,6,4,0,516.5850655783136,70.0
88,6,4,1,519.1035779499216,128.322
88,6,4,2,520.2624088531317,186.644
88,6,4,3,520.0634449505001,244.966
88,6,4,4,518.5063625625124,303.288
88,6,4,5,515.5886250294432,361.61
88,6,4,6,511.30546198785595,419.932
88,6,4,7,505.64983016509126,478.254
88,6,4,8,498.61235493505063,536.576
88,6,4,9,490.1812514920447,594.898
88,6,4,10,480.34222407221654,653.22
88,6,4,11,469.07834116756624,711.542
88,6,4,12,456.3698841160103,769.864
88,6,5,0,223.98153573405898,70.0
88,6,5,1,232.1477269319406,128.322
88,6,5,2,241.19451715049286,186.644
88,6,5,3,251.12799082624153,244.966
88,6,5,4,261.9548934890852,303.288
88,6,5,5,273.68265554848676,361.61
88,6,5,6,286.3194189483015,419.932
88,6,5,7,299.8740669227329,478.254
88,6,5,8,314.3562571194402,536.576
88,6,5,9,329.7764583937061,594.898
88,6,5,10,346.1459916208323,653.22
88,6,5,11,363.4770749232723,711.542
88,6,5,12,381.78287376577623,769.864
89,6,0,0,677.0629920691777,70.0
89,6,0,1,654.9708796788238,128.322
89,6,0,2,633.5458935793523,186.644
89,6,0,3,612.7807047961994,244.966
89,6,0,4,592.6683121589408,303.288
89,6,0,5,573.2020287205041,361.61
89,6,0,6,554.3754690584303,419.932
89,6,0,7,536.1825373958538,478.254
89,6,0,8,518.6174164852703,536.576
89,6,0,9,501.67455720312716,594.898
89,6,0,10,485.34866880768885,653.22
89,6,0,11,469.634709816702,711.542
89,6,0,12,454.5278794650279,769.864
89,6,1,0,494.2517039463358,70.0
89,6,1,1,455.57105815567667,128.322
89,6,1,2,423.69879612527984,186.644
89,6,1,3,397.7569191603541,244.966
89,6,1,4,377.13990183780595,303.288
89,6,1,5,361.4244250677541,361.61
89,6,1,6,350.31766796419447,419.932
89,6,1,7,343.6266934760789,478.254
89,6,1,8,341.240476096021,536.576
89,6,1,9,343.12032673861313,594.898
89,6,1,10,349.2966852671352,653.22
89,6,1,11,359.87163851256264,711.542
89,6,1,12,375.0276662859312,769.864
89,6,2,4,150.62680010548263,303.288
89,6,2,5,168.47520263372616,361.61
89,6,2,6,188.1384939883835,419.932
89,6,2,7,209.6694830442893,478.254
89,6,2,8,233.12837377338576,536.576
89,6,2,9,258.5837463018004,594.898
89,6,2,10,286.11375178996906,653.22
89,6,2,11,315.80757651691846,711.542
89,6,2,12,347.7672489862524,769.864
89,6,3,0,236.23461544714834,70.0
89,6,3,1,246.9760038233062,128.322
89,6,3,2,258.1004476749403,186.644
89,6,3,3,269.6093412016215,244.966
89,6,3,4,281.5041339152403,303.288
89,6,3,5,293.7863315985926,361.61
89,6,3,6,306.45749730941276,419.932
89,6,3,7,319.5192524314663,478.254
89,6,3,8,332.9732777744442,536.576
89,6,3,9,346.82131472448674,594.898
89,6,3,10,361.0651664473029,653.22
89,6,3,11,375.7066991458985,711.542
89,6,3,12,390.74784337511625,769.864
89,6,4,6,163.30034219753315,419.932
89,6,4,7,201.2356221068028,478.254
89,6,4,8,237.40036314238995,536.576
89,6,4,9,271.86397618294484,594.898
89,6,4,10,304.6892689604771,653.22
89,6,4,11,335.9332189955967,711.542
89,6,4,12,365.64762917228325,769.864
89,6,5,1,149.75900301183813,128.322
89,6,5,2,177.14326585625548,186.644
89,6,5,3,203.38028191180405,244.966
89,6,5,4,228.49483827795217,303.288
89,6,5,5,252.5099969615086,361.61
89,6,5,6,275.4472230669579,419.932
89,6,5,7,297.32649945549025,478.254
89,6,5,8,318.1664294966513,536.576
89,6,5,9,337.98432930484813,594.898
89,6,5,10,356.7963106581477,653.22
89,6,5,11,374.6173556323579,711.542
89,6,5,12,391.4613838439516,769.864
